ID,NAME,LegacyUnitGroup,ObjTyp,UnitPic,Race,SkinSet,SizeX,SizeY,Fac,`assiveID,UnitTyp,Lv,HP,SP,AD,AP,AR,MR,HIT,EVA,Crit,MS,WILL,WeaponTable,Variation,ShieldTable,Variation,ArmorTable,Variation,HelmTable,Variation,AccTable,Variation,ReserveSetR,Variation,ReserveSetL,Variation,SkillQ,SkillW,SkillE,SkillR,PassiveFunc,Perks1,Perks2,Perks3,Perks4,MotionSetting,ObjBits,AABits,ExtraSettingEv,ExtraParts,Hpregset,Spregset,Atkspset,MoveType,SetRangeMax,SetRangeMin,SetAttackMotion,SetAACost,AAFuncSet,AtkRes,AtkTime,Aeff,Apen,AaeffSet,,AIFlag,SprOffX,SprOffY,,,,,,,,Create_Speed,Food,Wood,Stone,Gold,BackGround(Icon),spawnsound,exspawndataEV,Description,Lore,,,*/
nord_viking,JOMSVIKING,0,1,1,0,0,10,12,FAC_nord,2,0,18,1400,65,18,0,0,0,43,23,3,26,150,WEP_Vikingaxe,-1,SHD_Heavy_Round_Shield,-1,AMR_Twilight_Mail,-1,HEL_Nordic_Warlord_Helm,-1,0,-1,0,-1,0,-1,1201,1208,0,0,0,1|2|3|9|18,1|2|3|4|7,16,0,1|3,9|12|15|16,2,315,0,10,16,,64,,,,,,,,,,,,,0,0,,,,,,,,75,235,,,285,,,,,,,,
poteton_levy_pike,Poteton Levy Pikeman,12,3,2,0,442,10,12,FAC_poteton,0,0,4,70,5,0,0,0,0,15,2,0,0,15,WEP_Pike,,,,AMR_Leather_Armor|AMR_Cloth_Armor|AMR_Gambeson,,HEL_Headscarf|HEL_Leather_Hat|HEL_Kilted_Cap,,,,,,,,,,,,,,,,,16|17|1|2|6,,,,,,,,,,,,,,,,,,,,,0,0,,,,,,,,265,25,15,,,,,,,,,,
imperial_shockcav,Imperial Contarii,16,3,3,0,441,10,11,FAC_imperial,0,2,8,250,30,2,0,0,0,28,2,0,0,36,WEP_Contos,,,,AMR_Light_Scale,,HEL_Plumed_Spangenhelm|HEL_Imp_Spangenhelm,,ACC_Courser,,,,,,,,,,,,,6|7,,16|17|1|2|6,15,,,,,,,,,,,,,,,,,,,,0,0,,,,,,,,195,80,30,,,,horse,,,,,,
,,,,,,,,,,,,,,,,,,,,,,,,,,,,,,,,,,,,,,,,,,,,,,,,,,,,,,,,,,,,,,,,,,,,0,0,,,,,,,,,,,,,,,,,,,,
poteton_pike,Poteton Pikeman,12,3,5,0,442,10,12,FAC_poteton,0,0,6,150,25,20,0,-10,0,28,5,0,12,36,WEP_Pike,-1,,,AMR_Mail_Hauberk|AMR_Mail_Hauberk|AMR_Cloaked_Hauberk,,HEL_Lamellar_Helm,,,,,,,,,,,,,2|11|13,6,,,16|17|1|2|6,15,,,,,,,,,,,,,,,,,,,,0,0,,,,,,,,257,30,20,,,,,,,,,,
merc_crossbow,Levy Crossbowman,13,3,6,0,442,10,12,0,0,1,2,50,8,0,0,0,0,15,2,0,8,10,WEP_Light_Crossbow|WEP_Light_Crossbow|WEP_Crossbow,-1,0,-1,AMR_Cloth_Armor|AMR_Leather_Armor|AMR_Gambeson,,HEL_Leather_Hat|HEL_Kilted_Cap|HEL_Headscarf,-1,0,-1,0,-1,0,-1,0,0,0,0,0,0,0,0,0,16|17|1|2|6,,,,,,,,,,,,,,,,,,,,,0,0,,,,,,,,245,,25,,40,,barrier1,,,,,,
merc_spear_militia,Spear Militia,12,3,0,0,442,10,11,0,0,0,2,20,5,0,0,0,0,7,0,0,0,11,WEP_Short_Spear,-1,0,-1,AMR_Linen_Tunic,-1,HEL_Headscarf,-1,0,-1,0,0,0,0,0,0,0,0,0,0,0,0,0,16|17|1|2|6,0,0,0,0,,0,,,,,,,,,,,,,,,0,0,,,,,,,,255,25,10,,,,,,,,,,
einherjar_napoleonic,Einherjar,0,1,8,0,0,10,11,FAC_nord,26,1,11,480,50,0,0,0,0,48,5,0,15,45,WEP_Fusil_Charleville,-1,,,AMR_Cloth_Armor,-1,HEL_Leather_Hat,-1,0,0,0,0,0,0,,,,,0,9|12|18|20,2,2|12,0,1|2|10,15,,315,,,,,,,,,,,,,,,,,,0,0,,,,,,,,,,,,,,,,,,,,
imperial_mameluke,Imperial Mameluke Bucellarii,17,3,9,0,0,10,11,FAC_imperial,0,2,12,400,45,5,0,0,34,38,10,0,50,40,WEP_Compound_Bow,,0,,AMR_Brass_Scale,,HEL_Southern_Lamellar_Helm,,ACC_Imperial_Hunter,-1,0,-1,0,-1,0,0,0,0,0,7|11|18,15,6|7|8|9,,16|17|1|2|6,15,3,,,,,,,,,,,,,,,,,,,0,0,,,,,,,,115,0,65,,100,,horse,,,,,,
dra_farmer,Farmdra,0,9,10,3,0,10,11,FAC_dra,1,9,1,0,0,,0,0,0,0,0,0,0,0,,,,,,,,,,,,,,,,,,,,,,,,10,,,276,,,,,1,,,,,,,,,,,,,0,0,,,,,,,,250,30,0,0,0,,cursor21,,,,,,
merc_mob,Mob,11,1,11,0,0,10,11,0,0,0,1,0,0,0,0,0,0,0,0,0,0,6,WEP_Wooden_Stick,-1,0,-1,AMR_Linen_Tunic,-1,0,-1,0,-1,0,0,0,0,0,0,0,0,0,0,0,0,0,2,0,0,0,0,,,,,,,,,,,,,,,,,0,0,,,,,,,,,,,,,,,,,,,,
merc_militia,Militia,11,3,12,0,442,10,11,0,0,0,2,30,5,0,0,0,0,7,0,0,0,11,WEP_Wooden_Stick|WEP_Club|WEP_Club|WEP_Pitchfork,-1,0,-1,AMR_Leather_Armor,-1,HEL_Leather_Hat,-1,0,-1,0,0,0,0,0,0,0,0,0,0,0,0,0,16|17|1|2|6,0,0,0,0,,0,,,,,,,,,,,,,,,0,0,,,,,,,,260,16,,,,,,,,,,,
merc_spearman,Hired Spearman,12,3,13,0,442,10,11,0,0,0,3,80,8,0,0,0,0,10,1,0,5,15,WEP_Short_Spear,-1,SHD_Round_Shield,-1,AMR_Leather_Armor|AMR_Cloth_Armor|AMR_Padded_Leather|AMR_Mail_Shirt,-1,HEL_Leather_Hat|HEL_Kilted_Cap|HEL_Chain_Coif|HEL_Iron_Helm,-1,0,-1,0,0,0,0,0,0,0,0,0,0,0,0,0,16|17|1|2|6,0,0,0,0,,,,,,,,,,,,,,,,,0,0,,,,,,,,260,30,20,,,,,,,,,,
poteton_knight,Poteton Knight,0,3,14,0,0,10,12,FAC_orden,14,0,18,1000,65,35,100,0,50,33,12,0,8,70,WEP_Onikiri,-1,SHD_Ritter_Schild,-1,AMR_Bruder_Surcoat,-1,HEL_Great_Helm,-1,0,-1,0,0,0,0,0,0,0,0,0,1|2|3|5|9|18,1|2|3|5,14,0,16|17|1|2|6,15,4|13,0,0,,,,,,,,,,,,,,,,,0,0,,,,,,,,,,,,,,,,,,,,
nord_berserker,Berserker,0,1,15,0,0,10,12,FAC_nord,3,0,20,720,60,20,0,0,0,39,10,3,50,999,WEP_Bearded_Axe,,,,AMR_Berserk_Harness,,HEL_Bear_Headpiece,,,,,,,,,1208,,,,6|8|9|20|17,1|2|3|4|7|19,,,1|2|3|10|14|15,9|16,1|13,,,25,16,,,,,,,,,,,,,,,0,0,,,,,,,,130,100,,,80,,,,,,,,
nord_marksman,Nord Marksman,13,3,0,0,443,10,11,FAC_nord,0,1,7,160,25,0,0,0,0,25,8,0,18,36,WEP_Hunting_Bow,-1,0,-1,AMR_Chain_Mail|AMR_Mail_Hauberk|AMR_Light_Scale,-1,HEL_Leather_Hat|HEL_Iron_Helm|HEL_Conical_Helm|HEL_Nord_Helm,-1,0,-1,WEP_Handaxe,0,0,0,1205,0,0,0,0,4|6|7|8|14,15,0,0,16|17|1|2|6,0,0,0,0,,,,64,,,,,,,,,,,,,0,0,,,,,,,,171,,30,,40,,,,,,,,
scorpion,Scorpion,24,1,17,-1,0,30,22,0,0,5,10,700,100,165,0,35,0,68,-5,0,50,30,0,0,0,0,0,0,0,0,0,0,0,0,0,0,0,0,0,0,,0,0,17,0,1,4|15|20,0,0,0,,,54,0,215000,80000,3,,1219,,,-10,50,,,,0,0,,,,,,,,115,,125,,100,,scorpionselect,217,,,,,
goblin_archer,Goblin Archer,13,1,18,1,0,10,11,0,0,1,2,0,8,0,0,0,0,7,5,0,5,10,WEP_Short_Bow,-1,0,-1,AMR_Linen_Tunic,-1,0,-1,0,-1,0,-1,0,0,0,0,0,0,0,0,15,0,0,1|2|10,0,0,703,0,,,,,,,,,,,,,,,,,0,0,,,,,,,,260,0,25,,10,,barrier1,316,,,,,
imperial_levy_orc,Imperial Levy Orc,12,1,19,2,0,12,12,FAC_imperial,0,0,3,150,10,5,0,0,0,12,2,0,8,19,WEP_Handaxe,,,,AMR_Leather_Armor,,0,,0,,,,,,,,,,,,,,,1|2|6|10,,,703,,,,,,,,,,,,,,,,,,0,0,,,,,,,,255,30,5,,,,,316,,,,,
bone_golem,Bone Golem,0,1,20,5,0,12,12,0,0,0,3,20,0,0,0,25,0,10,2,0,8,0,WEP_Short_Sword,,,,,,,,,,,,,,,,,,,,,,,1|2,0,0,,,,,,,,,,,,,,,,,,,0,0,,,,,,,,,,,,,,,,,,,,
imperial_cataphract,Imperial Cataphract,0,3,21,0,0,13,12,FAC_imperial,5,2,20,750,50,2,0,-20,0,45,15,0,16,57,WEP_Imp_Heavy_Contos,,,,AMR_Scale_Coat,,HEL_Cataphract_Helm,,ACC_Imperial_War_Horse,,WEP_Paramerion|WEP_Cataphract_Mace,,,,1238,,,,1291,2|3|5|9|10,6,6|7|16|19,,16|17|1|2|6,15,1,314,,,,,,,,,,,,,,,,,,0,0,,,,,,,,75,120,,,140,,,,,,,,
thrall_skirmisher,Thrall Skirmisher,13,1,22,0,0,10,11,0,0,1,1,2,0,0,0,0,0,0,0,0,10,0,WEP_Hunting_Bow,-1,0,-1,0,-1,0,-1,0,-1,0,0,0,0,0,0,0,0,0,0,0,0,0,0,0,0,0,0,,,,,,,,,,,,,,,,,0,0,,,,,,,,250,20,5,,,,,,,,,,
elven_longbow,Elven Longbow,0,1,23,0,440,10,11,0,0,1,10,50,15,0,50,0,25,39,5,0,2,25,WEP_Elven_Long_Bow,-1,0,-1,AMR_Ranger_Harness,-1,HEL_Circlet,-1,0,-1,0,0,0,0,0,0,0,0,0,6|7|8|11|14,4|15|21,0,0,1|2|10,0,0,0,0,,,,,,,,,,,,,,,,,0,0,,,,,,,,95,0,90,,60,,,,,,,,
dra_militia,Militigon,11,1,24,3,0,10,10,FAC_dra,1,0,2,50,0,0,0,0,0,5,0,0,0,5,WEP_Handaxe,,,,AMR_Dragon_Underclothes,,HEL_Leather_Hat,,,,,,,,,1237,,,,,,,,1|2|10|14|15,,,410,,5,,,,,,,,,,,,,,,,0,0,,,,,,,,220,35,,,15,,vo\dragon_gyaon,,,,,,
dra_depressgon,Depressgon,0,1,25,3,0,13,14,FAC_dra,19,0,1,1000,,,,100,0,0,0,0,-50,-10,,,,,,,,,,,,,,,,,,,,,,,,1|2|10|14|15,,,0,,,,,,20000,,,,,,,,,,,,0,0,,,,,,,,200,70,,,,,RTP\monster1,,,,,,
dra_knight,Dragon Knight,15,1,26,3,0,10,12,FAC_dra,7,2,6,450,45,15,0,0,25,24,2,0,48,30,WEP_Dragon_Sword,-1,SHD_Heater_Shield,-1,AMR_Dragon_Knight_Armor,-1,HEL_Drana_Helm,-1,,,,,,,,1206,,,,2|3|6,5,0,0,1|2|10|14|15,15,2,312,,,,,1,,,,,,,,,,,,,0,0,,,,,,,,158,65,0,0,70,,Sword1,,,,,,
dra_naskarl,Drago Naskarl,0,1,27,3,0,10,12,FAC_dra,6,2,18,1100,70,0,76,80,45,28,5,0,17,30,WEP_Draconic_Spatha,-1,SHD_Round_Shield,-1,AMR_Dragon_Underclothes,,HEL_Dra_Crest,,,,,,,,0,1237,,1208,0,1|2|3|6,1|2|3|5,1,0,1|2|3|10|14|15,15,13,410,,0,,,1,,,,,,,,,,,,,0,0,,,,,,,,105,125,,,140,,chari16,,,,,,
dra_crossbow,Dragonu,13,1,28,3,0,11,12,FAC_dra,1,1,6,200,20,0,0,0,0,4,0,0,18,24,WEP_Light_Crossbow,-1,0,,AMR_Dragon_Underclothes,0,HEL_Kettle_Hat,,,,,,,,,1237,,,,,,,,1|2|10|14|15,0,0,410,0,5,0,,1,,,,,,,,,,,,,0,0,,,,,,,,175,,30,,40,,,228,,,,,
dra_flamethrower,Fire Dragon,0,1,29,3,0,13,14,FAC_dra,1,3,9,700,50,0,32,10,0,0,0,0,-50,0,,,,,,,,,,,,,,,1206,1206,1237,,,,,,,1|2|10,,,410,,,,65,,150000,40000,3,20,1206,,,,,,,,0,0,,,,,,,,115,125,,,55,,Fire5,,,,,,
dra_artisan,Artigyao,0,9,30,3,0,10,11,FAC_dra,1,9,1,0,0,,0,0,0,0,0,0,0,0,,,,,,,,,,,,,,,,,,,,,,,,10,,,277,,,,,1,,,,,,,,,,,,,0,0,,,,,,,,235,35,15,,,,cursor21,,,,,,
dra_maid,Maidragon,0,1,31,3,0,10,11,FAC_dra,1,4,1,0,0,0,0,0,0,0,0,0,15,5,,,,,,,,,,,,,,,1232,,,,1240,,,,,2|3|10,0,0,410,,,,,1,134000,100000,,,1899,,,,,,,,0,0,,,,,,,,185,,,,70,,,,,,,,
mangonel,Mangonel,25,1,32,-1,0,33,20,0,0,5,11,950,100,250,0,80,32,50,-8,0,47,30,0,0,0,0,0,0,0,0,0,0,0,0,0,0,0,0,0,0,,0,0,17,0,1,4|15|20,0,0,0,,,15,0,265000,125000,4,,1220,4,41,30,40,,,,0,0,,,,,,,,85,,160,,135,,mangonelselect,232,,,,,
dra_lancer,Dragon Lancer,15,1,33,3,0,10,12,FAC_dra,7,2,6,400,45,5,0,0,0,25,2,0,55,30,WEP_Dragon_Lance,-1,SHD_Heater_Shield,-1,AMR_Dragon_Knight_Armor,-1,HEL_Drana_Helm,-1,,,,,,,,,1246,,,2|3|6,6,0,0,1|2|10|14|15,15,3,312,,,,,1,,,,,,,,,,,,,0,0,,,,,,,,175,70,,,65,,Sword1,,,,,,
stone_golem,Stone Golem,23,1,34,-1,0,12,13,0,8,5,9,1800,200,73,0,304,10,65,-10,0,50,50,,,,,,,,,,,,,,,,,,,,3|5,,17,,1|2|10|12,9|13|15|17|20,5|8,204,,,,80,,20000,,,,1250,,,,,,,,0,0,,,,,,,,150,,,125,10,,earth4,234,,,,,
ram,Battering Ram,23,1,35,-1,0,44,32,0,0,5,8,2300,100,42,0,180,400,50,-45,0,53,20,0,0,SHD_Armor_Plate,0,0,0,0,0,0,0,0,0,0,0,0,0,0,0,0,3|5|7,0,17,0,1,15|4,5|9,204,,,,70,0,45000,,2,0,,,,50,0,,,1,0,0,,,,,,,,110,,160,,35,,earth4,235,,,,,
dra_wiz,J'drago,0,1,36,3,0,11,11,FAC_dra,1,3,5,0,25,0,20,0,30,0,0,0,4,15,0,0,0,0,AMR_Dragon_Scale_Shirt,0,HEL_Pointed_Hat,0,0,0,0,0,0,0,1207,1207,1207,,0,,,,,1|2|10|14|15,,,410,,,,52,,135000,0,2,14,1207,,,,,,,,0,0,,,,,,,,145,45,,,50,,magic1,,,,,,
dra_mage,Dragon Mage,15,1,37,3,0,10,12,FAC_dra,7,3,6,500,45,15,20,0,25,24,4,0,45,30,WEP_Dragon_Rod,-1,SHD_Heater_Shield,-1,AMR_Dragon_Knight_Armor,-1,HEL_Drana_Helm,-1,,,,,,,,1206,,,,2|3|6,9,0,0,1|2|10|14|15,15,1,312,,,,,1,,,,,,,,,,,,,0,0,,,,,,,,170,65,,,70,,,,,,,,
dra_elite,Global Elite Dra,0,1,38,3,0,10,12,FAC_dra,1,3,19,750,100,0,95,-30,200,0,0,0,-17,25,0,0,0,0,AMR_Dragon_Scale_Shirt,0,HEL_Pointed_Hat,0,0,0,0,0,0,0,1229,1229,1232,,,12,,,,2|10,15|23,0,410,0,,,52,,140000,0,2,14,1267,,,,,,,,0,0,,,,,,,,30,500,,,1000,,se_maoudamashii_instruments_guitar05,238,,,,,
dra_inf,Dra at Arms,11,1,39,3,0,10,10,FAC_dra,1,0,5,120,5,4,0,10,0,15,1,0,5,14,WEP_Handaxe,,,,AMR_Dragon_Underclothes,,HEL_Iron_Helm,,,,,,,,,1237,,,,,,,,1|2|10|14|15,,,410,,,,,,,,,,,,,,,,,,0,0,,,,,,,,220,35,,,15,,vo\dragon_gyaon,,,,,,
dra_heavy_sword,Mushagon,11,1,40,3,0,10,10,FAC_dra,1,0,7,240,15,5,0,30,0,20,2,0,8,21,WEP_Katana,,,,AMR_Haramaki,,HEL_Southern_Lamellar_Helm,,,,,,,,,1237,,,,,1|5,,,1|2|10,,,410,,,,,,,,,,,,,,,,,,0,0,,,,,,,,220,45,,,20,,vo\dragon_gyaon,,,,,,
gaia_snail,Dire Snail,0,1,41,-1,0,10,10,0,0,7,5,300,100,38,0,100,20,55,0,0,25,25,0,0,0,0,0,0,0,0,0,0,0,0,0,0,0,0,0,0,0,0,0,0,0,2|10|11,0,0,0,0,,10,150,0,20000,,1,10,,,,30,30,,,,0,0,,,,,,,,,,,,,,,,,,,,
nord_spearman,Nord Spearman,12,3,501,0,443,10,11,FAC_nord,0,0,6,220,35,4,0,0,0,20,4,0,8,30,WEP_Short_Spear,-1,SHD_Round_Shield,-1,AMR_Chain_Mail,-1,HEL_Nord_Helm|HEL_Conical_Helm,-1,0,-1,0,0,0,0,0,0,0,0,0,1|2,6,0,0,16|17|1|2|6,0,0,0,0,,,,64,,,,,,,,,,,,,0,0,,,,,,,,,,,,,,,,,,,,
nord_inf,Nord Infantry,12,3,501,0,443,10,11,FAC_nord,0,0,6,220,35,8,0,0,0,20,3,0,8,30,WEP_Short_Sword,-1,SHD_Round_Shield,-1,AMR_Chain_Mail,-1,HEL_Nord_Helm|HEL_Conical_Helm,-1,0,-1,0,0,0,0,0,0,0,0,0,1|2,5,0,0,16|17|1|2|6,0,0,0,0,,,,64,,,,,,,,,,,,,0,0,,,,,,,,250,35,,,20,,,,,,,,
poteton_huscarl,Poteton Huscarl,11,3,0,0,444,10,11,FAC_poteton,0,0,7,280,33,0,0,0,0,20,0,0,16,35,WEP_Battle_Axe|WEP_Handaxe|WEP_Spatha|WEP_Fighting_Spear,-1,SHD_Heavy_Round_Shield,1,AMR_Plated_Mail|AMR_Cloaked_Hauberk,-1,HEL_Plumed_Spangenhelm|HEL_Imp_Spangenhelm,-1,0,-1,0,0,0,0,0,0,0,0,0,1|2|7|14,5,0,0,16|17|1|2|6,6|15,0,0,0,,,,,,,,,,,,,,,,,0,0,,,,,,,,255,45,,,25,,,,,,,,
nord_hersir,JOMSHERSIR,0,1,45,0,0,10,12,FAC_nord,20,0,25,1800,110,35,0,0,50,50,26,4,38,200,WEP_Draconic_Spatha,-1,SHD_Heavy_Round_Shield,-1,AMR_Scale_Coat,-1,HEL_Nord_Fullcoif,-1,0,-1,0,-1,0,-1,0,1208,0,0,0,1|2|3|9|17|18|20,1|2|3|4|5|7,1|3|16,0,1|3,9|12|15|16|23,2|13,315,0,10,16,,64,,,,,,,,,,,,,0,0,,,,,,,,25,850,,,1350,,,,,,,,
merc_cav,Mercenary Scout,15,3,46,0,0,12,13,0,0,2,4,100,10,4,0,0,0,13,0,0,10,24,WEP_Short_Spear,-1,SHD_Round_Shield,-1,AMR_Mail_Shirt,-1,HEL_Iron_Helm,-1,ACC_Sumpter_Horse,-1,0,-1,0,-1,0,0,0,0,0,13,0,6|7,0,16|17|1|2|6,0,0,0,0,,,,,,,,,,,,,,,,,0,0,,,,,,,,190,50,0,0,0,,,,,,,,
nord_raider,Nord Raider,15,3,501,0,443,12,13,FAC_nord,0,2,7,300,15,4,0,0,0,26,4,0,15,38,WEP_Javelin,-1,SHD_Round_Shield,-1,AMR_Chain_Mail,-1,HEL_Conical_Helm,-1,ACC_Sumpter_Horse,-1,WEP_Short_Sword,-1,0,-1,0,0,0,0,0,1|2,12,6|7,0,16|17|1|2|6,0,0,0,0,,,,,,,,,,,,,,,,,0,0,,,,,,,,170,75,,,,,,,,,,,
nord_raven,Raven,0,1,48,-1,0,8,7,FAC_nord,0,3,4,65,70,14,25,5,12,30,12,0,140,20,0,0,0,0,0,0,0,0,0,0,0,0,0,0,0,0,0,0,0,0,0,0,0,1|2|10,0,0,,,,,100,1,115000,80000,2,,1225,,,,,,,,0,0,,,,,,,,190,42,,,,,corvus-macrorhynchos-cry1,,,,,,
nord_nevermore,Nevermore,0,1,49,-1,0,8,7,FAC_nord,0,3,7,180,70,14,52,12,12,30,25,0,156,30,0,0,0,0,0,0,0,0,0,0,0,0,0,0,0,0,0,0,0,0,0,0,0,1|2|10,0,0,,,,,185,1,155000,90000,1,,1225,,,,,,,,0,0,,,,,,,,180,48,,,10,,corvus-macrorhynchos-cry1,,,,,,
dra_champion,Drantzknecht,11,1,50,3,0,10,12,FAC_dra,1,0,9,280,27,0,0,-40,0,23,3,0,9,27,WEP_Zweihander,-1,0,0,AMR_Heavy_Lamellar,-1,HEL_Dragon_Helm,-1,0,-1,0,-1,0,0,0,1237,0,0,0,0,1|5,0,0,1|2|10,0,0,410,0,,,,,,,,,,,,,,,,,0,0,,,,,,,,220,50,,,20,,,,,,,,
nord_vet_inf,Nord Veteran,12,3,51,0,443,10,11,FAC_nord,0,0,8,370,42,8,0,0,0,28,8,0,11,38,WEP_Throwing_Axe|WEP_Javelin,-1,SHD_Heavy_Round_Shield,2,AMR_Lamellar_Armor,-1,HEL_Coifed_Conical|HEL_Viking_Helm|HEL_Coifed_Nasal,-1,0,-1,WEP_Handaxe|WEP_Spatha,0,0,0,0,0,0,0,0,1|2|3|11|14,5|6|7|8|9|10|11|12,0,0,16|17|1|2|6,15,0,0,0,,,,64,,,,,,,,,,,,,0,0,,,,,,,,240,40,,,20,,,,,,,,
nord_vet_spearman,Nord Hardened Spearman,12,3,52,0,443,10,11,FAC_nord,0,0,8,380,42,5,0,0,0,28,8,0,11,38,WEP_Fighting_Spear,-1,SHD_Heavy_Round_Shield,2,AMR_Lamellar_Armor,-1,HEL_Coifed_Conical|HEL_Coifed_Nasal,-1,0,-1,0,0,0,0,0,0,0,0,0,1|2|3|11|14,5|6|7|8|9|10|11|12,0,0,16|17|1|2|6,15,0,0,0,,,,64,,,,,,,,,,,,,0,0,,,,,,,,,,,,,,,,,,,,
siege_ram,Siege Ram,23,1,53,-1,0,44,32,0,0,5,9,3300,100,50,0,230,400,50,-49,0,59,20,0,0,SHD_Improved_Armor_Plate,0,0,0,0,0,0,0,0,0,0,0,0,0,0,0,0,3|5|7,0,17,0,1,15|4,5|9,204,,,,75,0,45000,,2,0,,,,70,,,,1,0,0,,,,,,,,110,,160,,35,,earth4,,,,,,
nord_totenkopf,Totenkopf,0,1,54,0,0,10,11,FAC_nord,26,1,14,950,50,0,0,0,0,55,5,0,15,60,WEP_Kar98k,-1,,,AMR_Cloth_Armor,-1,HEL_Iron_Helm,-1,0,0,0,0,0,0,,,,,0,4|9|18|12,0,2,,1|2|10,15,,,,,,,,,,,,,,,,,,,,0,0,,,,,,,,,,,,,,,,,,,,
imperial_scorpion,Imperial Heavy Scorpio,24,1,55,-1,0,30,22,FAC_legion,0,5,10,750,100,192,0,80,0,68,-5,0,50,30,0,0,0,0,0,0,0,0,0,0,0,0,0,0,0,0,0,0,,0,0,17,0,1,4|15|20,17,0,0,,,58,0,225000,50000,3,,1219,,,-10,55,,,,0,0,,,,,,,,115,,125,,100,,scorpionselect,,,,,,
imperial_greenskin,Imperial Greenskin,13,1,56,1,0,10,11,FAC_imperial,15,1,10,100,30,0,0,0,0,23,10,0,10,45,WEP_Goblin_Command_Bow,-1,0,-1,AMR_Ranger_Harness,-1,HEL_Pirates_Headscarf,-1,ACC_Snipers_Eye,-1,0,-1,0,0,0,1213,1254,1255,0,4|6|7|8|14,15,14,0,1|2|10,15,2,703,0,,,,,,,,,,,,,,,,2|3,0,0,,,,,,,,165,0,30,,40,,,316,,,,,
imperial_limitanei,Imperial Limitanei Spearman,11,3,57,0,441,10,11,FAC_imperial,0,0,5,200,18,3,0,0,0,13,2,0,5,23,WEP_Kontarion,-1,SHD_Imperial_Round_Shield,-1,AMR_Imperial_Hamata|AMR_Imperial_Hamata|AMR_Imp_Gambeson,-1,HEL_Nasal_Helm,0,0,-1,,0,0,0,0,0,0,0,0,6|11,0,0,0,16|17|1|2|6,15,0,703,,,,,,,,,,,,,,,,,,0,0,,,,,,,,235,35,,,15,,,316,,,,,
imperial_catapult,Imperial Siege Catapult,25,1,58,-1,0,33,20,FAC_legion,0,5,15,1050,100,268,0,80,32,50,-8,0,47,30,0,0,0,0,0,0,0,0,0,0,0,0,0,0,0,0,0,0,,0,0,17,0,1,4|15|20,0,0,0,,,15,0,285000,125000,4,,1233,5,38,30,40,,,,0,0,,,,,,,,85,,160,,135,,mangonelselect,,,,,,
imperial_legion_crossbow,Imperial Legio Ballistarii,31,1,59,0,0,10,12,FAC_legion,0,1,11,500,20,0,0,0,0,28,7,0,11,30,WEP_Arbalest,-1,0,-1,AMR_Lorica_Hamata,,HEL_Mithril_Helm,-1,0,-1,0,-1,0,-1,0,0,0,0,0,2|3|5|7|8|11|17,16,0,0,1,,1,,,,,,,,,,,,,,,,,,,0,0,,,,,,,,,,,,,,,,,,,,
imperial_golem,Imperial Armored Trooper,0,1,60,-1,0,13,14,FAC_legion,8,5,8,1350,100,50,100,88,80,55,0,0,270,50,WEP_Arcane_Spatha,-1,0,-1,0,-1,0,-1,0,-1,0,-1,0,-1,0,0,0,0,0,3|5,0,17,0,1|2|12,9|13|15|20|22|26,0,,,,,,32,,,,,,,,,,,,,0,0,,,,,,,,70,,,25,80,,earth4,,,,,,
imperial_foederati,Imperial Foederati,11,3,61,0,442,10,11,FAC_imperial,0,0,6,340,33,3,0,0,0,18,5,0,8,26,WEP_Plumbata,-1,SHD_Imperial_Oval_Shield,-1,AMR_Mail_Hauberk|AMR_Light_Scale|AMR_Mail_Hauberk|AMR_Brass_Scale|AMR_Light_Scale|AMR_Brass_Scale,-1,HEL_Imp_Spangenhelm|HEL_Plumed_Spangenhelm|HEL_Plumed_Spangenhelm|HEL_Lamellar_Helm,-1,ACC_Leather_Gloves|ACC_Leather_Gloves|0|0,-1,WEP_Spatha|WEP_Kontarion|WEP_Spatha|WEP_Handaxe|WEP_Battle_Axe|WEP_Spatha,0,0,0,0,0,0,0,0,1|2|11,5|6|7|8|9|10|11|12,0,0,16|17|1|2|6,0,0,703,0,,,,,,,,,,,,,,,,,0,0,,,,,,,,215,35,,,25,,,316,,,,,
dra_joker,JOKERGON,0,1,62,3,0,13,14,FAC_dra,0,2,15,2000,35,100,60,130,55,32,-5,1,-45,-10,,,,,,,,,,,,,,,,1237,,,,5|11|12|13|14|20|3,1|3|4,19,,1|2|10,22|4|12,,0,,,,100,,20000,,0,10,,,,,10,,,,0,0,,,,,,,,65,225,,,70,,laugh,,,,,,
imperial_legion_inf,Imperial Legio Legionarii,31,1,63,0,0,11,12,FAC_legion,9,0,14,750,40,10,0,0,0,35,3,0,12,40,WEP_Pilum,-1,SHD_Imperial_Scutum,-1,AMR_Lorica_Hamata,-1,HEL_Mithril_Helm,-1,0,-1,WEP_Gladius_Eternum,0,0,0,0,0,0,0,0,1|2|3|5|7|11|13,5|6|12,0,0,1|3|5|14|15,15|6|17,0,0,0,,16,,,,,,,,,,,,,,,0,0,,,,,,,,,,,,,,,,,,,,
imperial_legion_spear,Imperial Legio Lanciarii,31,1,64,0,0,11,12,FAC_legion,9,0,13,750,40,10,0,0,0,33,5,0,12,40,WEP_Imp_Hasta,-1,SHD_Imperial_Scutum,-1,AMR_Lorica_Hamata,-1,HEL_Mithril_Helm,-1,0,-1,0,0,0,0,0,0,0,0,0,1|2|3|5|7|11|13,5|6|12,0,0,1|3|5|14|15,15|6|17,0,0,0,,,,,,,,,,,,,,,,,0,0,,,,,,,,,,,,,,,,,,,,
imperial_legion_vet,Imperial Legio Evocati,31,1,65,0,0,11,12,FAC_legion,9,0,18,900,48,20,0,0,0,42,8,0,16,50,WEP_Pilum,-1,SHD_Imperial_Scutum,-1,AMR_Lorica_Hamata,-1,HEL_Imp_Guard_Helm,-1,ACC_Nullmagic_Cloak,-1,WEP_Vibro_Spatha,0,0,0,0,0,0,0,0,1|2|3|5|7|9|11|13|14|18,1|4|5|6|12,0,0,1|3|5|14|15,15|6|17,0,0,0,,,,,,,,,,,,,,,,,0,0,,,,,,,,,,,,,,,,,,,,
imperial_legion_heavy,Imperial Legio Antesignani,31,1,66,0,0,11,12,FAC_legion,9,0,16,1000,55,10,0,0,0,35,6,0,11,40,WEP_Pilum,-1,SHD_Imperial_Scutum,-1,AMR_Lorica_Segmentata,-1,HEL_Mithril_Helm,-1,0,-1,WEP_Gladius_Eternum,0,0,0,0,0,0,0,0,1|2|3|5|7|11|13,5|6|12,0,0,1|3|5|14|15,15|6|17,0,0,0,,,,,,,,,,,,,,,,,0,0,,,,,,,,,,,,,,,,,,,,
imperial_legion_centurion,Imperial Legio Centurio,31,1,67,0,0,11,12,FAC_legion,10,0,25,1850,70,35,0,85,0,50,10,0,16,70,WEP_Pilum,-1,SHD_Imperial_Scutum,-1,AMR_Lorica_Segmentata,-1,HEL_Imp_Guard_Helm,-1,ACC_Nullmagic_Cloak,-1,WEP_Vibro_Spatha,0,0,0,0,0,0,0,1231,1|2|3|5|7|9|11|12|13|14|15|18|20,1|2|3|4|5|6|12,1|3|16,0,1|3|5|14|15,15|6|17|23,0,0,0,,,,,,,,,,,,,,,,,0,0,,,,,,,,,,,,,,,,,,,,
imperial_legion_banner,Imperial Legio Signifer,31,1,68,,,,,,,,,,,,,,,,,,,,,,,,,,,,,,,,,,,,,,,12,,,,,,,,,,,,,,,,,,,,,,,,,0,0,,,,,,,,,,,,,,,,,,,,
poteton_hedgeknight,Poteton Foot Knight,12,3,69,0,442,10,11,FAC_poteton,0,0,10,350,48,10,0,0,0,30,8,0,18,50,WEP_Great_Sword|WEP_Great_Axe|WEP_Sledgehammer,-1,0,-1,AMR_Lamellar_Harness,-1,HEL_Full_Helm|HEL_Conical_Full_Helm,-1,0,-1,0,0,0,0,0,0,0,0,0,2|3|18,01|02|05|7|8|9,0,0,1|2|6,15,0,0,0,,,,,,,,,,,,,,,,,0,0,,,,,,,,100,75,,,25,,,,,,,,
townsman,Townsman,0,9,70|1071|6072|6072,0,0,10,11,0,0,9,1,0,0,,0,0,0,0,0,0,0,0,,,,,,,,,,,,,,,,,,,,,,,,10,,,278,,,,,,,,,,,,,,,,,,0,0,,,,,,,,250,30,0,0,0,,cursor21,,,,,,
dra_hero_orthunass,Orthunass Nasun Solanum,,,,,,,,,23,,,,,,,,,,,,,,,,,,,,,,,,,,,,,,,,,12,,,,,,,,,,,,,,,,,,,,,,,,,0,0,,,,,,,,,,,,,,,,,,,,
imperial_dratrooper,Imperial Auxilia Dratrooper,0,1,72,3,0,10,12,FAC_dra,1,2,12,1000,63,5,50,60,43,26,4,0,24,25,WEP_Spatha,-1,SHD_Round_Shield,-1,AMR_Dragon_Bikini,,HEL_Dra_Crest,,,,,,,,0,1237,0,1208,0,1|2|3|6,1|2|3|5,0,0,1|2|3,0,0,,,,,,1,,,,,,,,,,,,,0,0,,,,,,,,110,120,,,140,,,,,,,,
imperial_mage,Imperial Theurgia Field Mage,0,1,73,0,0,10,11,FAC_imperial,0,3,11,150,115,0,78,35,150,0,0,0,12,35,0,0,0,0,AMR_Scholae_Robe,0,HEL_Wing_Hat,0,0,0,0,0,0,0,1229,1232,,,,,,11,,1|2,15,0,0,0,,,50,,140000,0,2,14,1267,,,,,,,,0,0,,,,,,,,95,25,,,200,,,,,,,,
harpy_scout,Harpy Scout,0,1,74,-1,0,10,12,0,0,2,3,200,90,50,25,55,50,55,30,1,210,55,,,,,,,,,,,,,,,1269,,,,,,,,,1|2|10,,0,,,,10,80,1,20000,,1,7,,,,,,,,,0,0,,,,,,,,200,55,,,0,,wind1,,,,,,
imperial_minotaur,Imperial Auxilia Minotaur,12,3,75,6,0,12,12,FAC_imperial,0,0,8,350,50,0,0,0,0,33,2,1,15,30,WEP_Minotaur_Maul,-1,0,-1,AMR_Imperial_Hamata|AMR_Imp_Gambeson,0,0,0,0,0,0,0,0,0,0,1208,0,0,0,5,8,0,0,16|17|1|2|6,0,0,703,0,,10,,,,,,,,,,,,,,,0,0,,,,,,,,195,45,30,,,,,316,,,,,
imperial_aux_archer,Imperial Auxilia Archer,13,1,18,1,0,10,11,0,0,1,3,0,8,0,0,0,0,15,5,0,5,10,WEP_Hunting_Bow,-1,0,-1,AMR_Linen_Tunic,-1,0,-1,0,-1,0,-1,0,0,0,0,0,0,0,0,15,0,0,1|2,0,0,703,0,,10,,,,,,,,,,,,,,,0,0,,,,,,,,,,,,,,,316,,,,,
imperial_hero_misoctius,Misoctius,0,3,77,0,0,13,13,FAC_imperial,11,2,24,1000,55,12,0,-20,0,50,21,0,16,70,WEP_Vibro_Contos,,,,AMR_Lorica_Squamata,,HEL_Cataphract_Helm,,ACC_Imperial_Charger,,WEP_Vibro_Spatha,,,,1238,,,,1231,2|3|5|9|10,6,6|7|16|19,,16|17|1|2|6,6|15|23,1,,,,,,,,,,,,,,,,,,,0,0,,,,,,,,,,,,,,,,,,,,
imperial_hero_ghurkag_1,Ghurkag the Humble Shield,0,3,405,2,0,12,12,FAC_imperial,0,0,15,1600,140,45,0,150,0,44,2,1,65,70,WEP_Masakari_Splitter,-1,0,,AMR_O-yoroi,-1,HEL_Dai-Samourai_Kabuto,-1,0,-1,0,0,0,0,0,,1241,,1231,5|9|11|12|17|20|3,7|1|4,11|16|17,0,1|2,15,0,,,,,,,,,,,,,,,,,,,0,0,,,,,,,,,,,,,,,,,,,,
imperial_hero_ghurkag_2,Ghurkag the Humble Shield,0,4,405,2,0,12,12,FAC_imperial,0,0,15,1600,140,45,0,150,0,44,2,1,65,70,WEP_Masakari_Splitter,-1,0,,AMR_Scale_Coat,-1,HEL_Cataphract_Helm,-1,ACC_Metal_Pauldron,-1,0,0,0,0,0,,1241,,1231,5|9|11|12|17|20|3,7|1|4,11|16|17,0,1|2,15,0,,,,,,,,,,,,,,,,,,,0,0,,,,,,,,,,,,,,,,,,,,
imperial_hero_zulgar,Zulgar,0,3,0,1,0,10,11,FAC_imperial,0,1,12,550,50,15,0,0,15,40,30,1,35,40,WEP_Yumi_Bow,-1,0,-1,AMR_Gusoku,-1,HEL_Sabusamme_Hat,-1,ACC_Goblin_Wolf,-1,WEP_Katana,0,0,0,0,0,1254,1214,,7|8|13|14|11|18,2|3|4|5|6|12|15,6|7|8|9,,16|17|1|2|6,0,0,,,,40,60,0,265000,0,3,,1219,,,,,,,,0,0,,,,,,,,,,,,,,,,,,,,
imperial_finalweapon,Imperial Mobile Armor ,0,1,81,-1,0,70,50,FAC_legion,8,5,60,9999,600,100,100,800,888,100,-10,0,50,100,,,,,,,,,,,,,,,1276,,,,1291,,,,,,,,,,,3,,,,,,,,,,,,,,,0,0,,,,,,,,12,1000,3000,6000,4500,,,,,,,,
imperial_comitatenses_crossbow,Imperial Ballistarii Comitatenses,31,3,0,0,441,10,11,FAC_imperial,0,1,11,150,20,0,3,0,0,28,7,0,11,32,WEP_Arbalest,-1,0,-1,AMR_Imp_Gambeson,,HEL_Imp_Ridge_Helm,-1,0,-1,0,-1,0,-1,0,0,0,0,0,2|3|5|7|8|11|17,16,0,0,16|17|1|2|6,,0,,,,,,,,,,,,,,,,,,,0,0,,,,,,,,115,,45,,55,,,,,,,,
imperial_elite_cav,Imperial Equites Promoti,15,3,0,0,441,10,11,FAC_imperial,0,0,10,390,35,10,3,28,0,32,10,0,10,38,WEP_Javelin,-1,SHD_Imperial_Oval_Shield,-1,AMR_Brass_Scale|AMR_Lamellar_Armor|AMR_Brass_Scale,-1,HEL_Plumed_Spangenhelm|HEL_Imp_Ridge_Helm|HEL_Imp_Guard_Helm,-1,ACC_Imperial_Hunter|ACC_Courser,-1,WEP_Paramerion|WEP_Winged_Mace,0,0,0,0,0,0,0,0,2|3|11|13,5|6|9|12,6|7,0,16|17|1|2|6,15,0,0,0,,,,,,,,,,,,,,,,,0,0,,,,,,,,155,80,0,0,8,,,,,,,,
imperial_horse_archer,Imperial Equites Sagittarii,17,3,0,0,441,10,11,FAC_imperial,0,0,8,225,30,10,0,0,0,28,6,0,10,31,WEP_Compound_Bow,-1,0,-1,AMR_Light_Scale|AMR_Brass_Scale|AMR_Lamellar_Armor|AMR_Lamellar_Armor|AMR_Cloaked_Hauberk|AMR_Brass_Scale,-1,HEL_Plumed_Spangenhelm,,ACC_Courser,-1,WEP_Paramerion,0,3,0,0,0,0,0,0,2|10|11,5|15,6|7|8,0,16|17|1|2|6,15,0,0,0,,,,,,,,,,,,,,,,,0,0,,,,,,,,155,,40,,60,,,,,,,,
imperial_cav,Imperial Equites,15,3,0,0,441,10,11,FAC_imperial,0,0,6,275,30,5,0,8,0,24,4,0,10,31,WEP_Menavlion|WEP_Spatha|WEP_Menavlion|WEP_Spatha,-1,SHD_Imperial_Oval_Shield,-1,AMR_Light_Scale|AMR_Light_Scale|AMR_Lamellar_Armor|AMR_Lamellar_Armor|AMR_Imperial_Hamata,-1,HEL_Nasal_Helm,,ACC_Sumpter_Horse|ACC_Courser,-1,0,0,0,0,0,0,0,0,0,2|13,5|6,6|7,0,16|17|1|2|6,15,0,0,0,,,,,,,,,,,,,,,,,0,0,,,,,,,,170,80,0,0,0,,,,,,,,
imperial_guard,Imperial Palatina Guard,12,3,119,0,0,10,11,FAC_imperial,12,0,11,540,60,15,0,0,0,38,15,1,6,48,WEP_Rhomphaia,-1,0,-1,AMR_Heavy_Lamellar|AMR_Scale_Coat|AMR_Heavy_Lamellar|AMR_Lorica_Squamata|AMR_Scale_Coat,-1,HEL_Imp_Guard_Helm,-1,ACC_Power_Bangle|ACC_Snipers_Eye|ACC_Amulet,-1,0,0,0,0,0,0,0,0,1268,2|3|5|9|11|14|18,1|4|5|6|10|19,11,0,16|17|1|2|6,15,0,314,0,,,,,,,,,,,,,,,,,0,0,,,,,,,,134,0,45,0,55,,,,,,,,
imperial_comitatenses_shield,Imperial Legio Comitatenses,31,3,117|120,0,441,10,11,FAC_imperial,12,0,10,450,49,10,0,0,0,29,13,0,6,44,WEP_Pilum,-1,SHD_Imp_Hvy_Oval_Shield,-1,AMR_Scale_Coat|AMR_Heavy_Lamellar|AMR_Heavy_Lamellar,-1,HEL_Imp_Ridge_Helm|HEL_Legio_Ridge|HEL_Imp_Ridge_Helm|HEL_Imp_Ridge_Helm,-1,ACC_Imperial_Cloak|0,-1,WEP_Battle_Axe|WEP_Battle_Axe|WEP_Imperial_Spatha|WEP_Imperial_Spatha|WEP_Imperial_Spatha|WEP_Arcane_Spatha,0,0,0,0,0,0,0,1268,1|2|3|5|11|13|14,5|6|7|8|9|10|11|12,11,0,16|17|1|2|6,15,0,314,0,,,,,,,,,,,,,,,,,0,0,,,,,,,,135,45,0,0,40,,,,,,,,
imperial_comitatenses_menavlion,Imperial Lanciarii Comitatenses,31,3,116,0,441,10,11,FAC_imperial,12,0,9,380,39,24,0,0,0,33,7,0,2,43,WEP_Menavlion,-1,0,-1,AMR_Heavy_Lamellar|AMR_Scale_Armor|AMR_Heavy_Lamellar,-1,HEL_Plumed_Spangenhelm,0,ACC_Imperial_Cloak|0|0,-1,0,0,0,0,0,0,0,0,1268,2|3|5|11|14,5|6,11,0,16|17|1|2|6,15,0,314,0,,,,,,,,,,,,,,,,,0,0,,,,,,,,135,0,50,0,30,,,,,,,,
imperial_archer,Imperial Auxilia Sagittarii,13,3,103|101,0,441,10,11,FAC_imperial,0,1,4,30,9,0,0,0,0,19,3,0,5,20,WEP_Hunting_Bow|WEP_Hunting_Bow|WEP_Hunting_Bow|WEP_Compound_Bow|WEP_Compound_Bow,-1,0,-1,AMR_Imperial_Tunic,-1,HEL_Imp_Ridge_Helm|HEL_Leather_Hat|HEL_Leather_Hat,-1,0,-1,0,0,0,0,0,0,0,0,0,0,0,0,0,16|17|1|2|6,0,0,703,0,,,,,,,,,,,,,,,,,0,0,,,,,,,,195,,25,,20,,,316,,,,,
imperial_elite_archer,Imperial Elite Sagittarii,13,3,103,0,441,10,11,FAC_imperial,0,1,6,65,18,3,0,0,0,24,8,1,10,31,WEP_Compound_Bow,-1,0,-1,AMR_Imperial_Hamata,-1,HEL_Imp_Ridge_Helm,-1,0,-1,0,0,0,0,0,0,0,0,0,2|7|8|11|14,15,0,0,16|17|1|2|6,15,0,703,,,,,,,,,,,,,,,,,,0,0,,,,,,,,180,,25,,35,,,316,,,,,
imperial_levy,Imperial Levy,11,4,101|102,0,0,10,11,FAC_imperial,0,0,2,15,7,0,0,0,0,8,0,0,0,11,WEP_Short_Spear|WEP_Short_Spear|WEP_Short_Sword|WEP_Short_Sword|WEP_Club,-1,0,-1,AMR_Imperial_Tunic,-1,0,-1,0,-1,0,0,0,0,0,0,0,0,0,0,0,0,0,1|2|6,0,0,703,0,,,,,,,,,,,,,,,,,0,0,,,,,,,,,,,,,,,316,,,,,
imperial_psiloi,Imperial Psiloi,11,4,103,0,0,10,11,FAC_imperial,0,0,3,90,15,0,0,0,0,10,3,0,12,20,WEP_Plumbata,-1,SHD_Imperial_Round_Shield,-1,AMR_Imperial_Tunic,-1,HEL_Imp_Ridge_Helm,-1,0,-1,WEP_Short_Spear,0,0,0,0,0,0,0,0,0,12,0,0,1|2|6|14|15,15,0,703,,,,,,,,,,,,,,,,,,0,0,,,,,,,,245,25,,,10,,,316,,,,,
93,FISH the Gladiator,0,3,15,0,0,10,12,FAC_nord,3,0,20,22000,5000,5000,5000,5000,5000,39,10,3,140,100,WEP_Imperial_Blaster,,SHD_Imperial_Oval_Shield,,AMR_Gladiator_Harness,,HEL_Murmillo_Helm,,,,,,,,,,1226,,,6|8|7|9|20|17,1|2|3|4|7|19,,,16|17|1|2|6,9|16,0,,,2000,216,,,,,,,,,,,,,,,0,0,,,,,,,,,,,,,,,316,,,,,
poteton_inf,Poteton Infantry,11,3,320,0,442,10,11,FAC_poteton,0,0,5,125,31,0,0,0,0,16,3,0,4,26,WEP_Military_Pick|0WEP_Short_Sword|WEP_Morning_Star|WEP_Iron_Mace,-1,SHD_Heater_Shield,1,AMR_Hard_Leather|AMR_Mail_Hauberk|AMR_Chain_Mail,-1,HEL_Iron_Helm,-1,0,-1,0,0,0,0,0,0,0,0,0,1|2,0,0,0,16|17|1|2|6,0,0,0,0,,,,,,,,,,,,,,,,,0,0,,,,,,,,270,25,,,15,,,,,,,,
poteton_guard,Poteton Oathsworn,11,3,321,0,442,10,11,FAC_poteton,0,0,8,225,34,5,0,0,0,24,6,0,8,37,WEP_Morning_Star|WEP_Morning_Star|WEP_Warhammer|WEP_Morning_Star|WEP_Warhammer|WEP_Warhammer|WEP_Morning_Star,-1,SHD_Heater_Shield,2,AMR_Cloaked_Hauberk|AMR_Poteton_Lamellar,-1,HEL_Ornamented_Lamellar,-1,0,-1,0,0,0,0,0,0,0,0,0,1|2|11|14|18|20,5|6|7|8|9|10|11|12,0,0,16|17|1|2|6,15,0,0,0,,,,,,,,,,,,,,,,,0,0,,,,,,,,265,30,,,20,,,,,,,,
poteton_elite_crossbow,Poteton Arbalester,13,3,322,0,442,10,11,FAC_poteton,0,1,6,70,30,0,0,0,0,19,4,0,15,30,WEP_Crossbow|WEP_Crossbow|WEP_Great_Crossbow,-1,0,-1,AMR_Chain_Mail,-1,HEL_Kettle_Hat,-1,ACC_Metal_Pauldron|ACC_Leather_Gloves,-1,0,0,0,0,0,0,0,0,0,7,16,0,0,16|17|1|2|6,15,0,0,0,,,,,,,,,,,,,,,,,0,0,,,,,,,,245,,30,,40,,,,,,,,
poteton_female_inf,Poteton Warden,12,3,323,0,440,10,11,FAC_poteton,0,0,6,110,45,15,0,0,0,22,7,0,18,27,WEP_Two-handed_War_Cleaver|WEP_Iron_Maul|WEP_Two-handed_War_Cleaver,-1,0,-1,AMR_Mail_Hauberk|AMR_Chain_Mail|AMR_Hard_Leather,-1,HEL_Iron_Helm,-1,0,-1,0,0,0,0,0,0,0,0,0,2|3|6|7|17,5|6|7|8|9|10|11|12,0,0,16|17|1|2|6,15,0,701,0,,,,,,,,,,,,,,,,,0,0,,,,,,,,240,30,0,,,,,,,,,,
poteton_vet_cav,Poteton Battle Cavalry,15,3,0,0,442,11,12,FAC_poteton,0,2,8,260,30,8,0,0,0,26,2,0,10,32,WEP_Short_Sword|WEP_Handaxe|WEP_Iron_Mace,-1,SHD_Heater_Shield,1,AMR_Cloaked_Hauberk|AMR_Mail_Hauberk,-1,HEL_Plumed_Spangenhelm|HEL_Lamellar_Helm|HEL_Kettle_Hat,0,ACC_Sumpter_Horse,-1,0,0,0,0,0,0,0,0,0,1|2|13,5|6,6|7,0,16|17|1|2|6,15,0,0,0,,,,,,,,,,,,,,,,,0,0,,,,,,,,190,80,0,0,0,,,,,,,,
poteton_shockcav,Poteton Contos Cavalry,16,3,0,0,442,11,12,FAC_poteton,0,2,7,160,25,0,0,0,0,25,0,0,20,30,WEP_Contos,,,,AMR_Chain_Mail|AMR_Hard_Leather,,HEL_Ornamented_Lamellar,,ACC_Courser,,,,,,,,,,,,,6|7,,1|2|6|16|17,0,,,,,,,,,,,,,,,,,,,,0,0,,,,,,,,205,75,20,,,,,,,,,,
imperial_comitatenses_banner,Imperial Vexillarius Comitatenses,31,3,121,0,441,10,11,FAC_imperial,24,0,12,480,50,20,0,15,0,29,8,0,2,50,WEP_Imperial_Banner,-1,0,-1,AMR_Scale_Coat,-1,HEL_Vexillarius_Helm,-1,ACC_Imperial_Cloak,-1,0,0,0,0,0,0,0,0,1268,2|3|5|11|12|14,5|6,11|17,0,16|17|1|2|6,15,0,0,0,,,,,,,,,,,,,,,,,0,0,,,,,,,,90,30,0,0,120,,,,,,,,
imperial_medic,Imperial Archiatri Medic,0,3,0,0,441,10,11,FAC_imperial,0,0,3,20,25,0,45,0,0,10,-2,0,10,12,WEP_Club,-1,SHD_Imperial_Round_Shield,-1,AMR_Imp_Gambeson,-1,0|HEL_Headscarf|HEL_Leather_Hat,-1,0,-1,0,0,0,0,0,1232,0,0,0,0,9,0,0,16|17|1|2|6,15,0,0,0,,,,,,,,,,,,,,,,,0,0,,,,,,,,100,0,,,60,,,,,,,,
brigand_thug,Thug,11,3,0,0,442,10,11,0,0,0,2,30,4,0,0,0,0,13,0,0,8,15,WEP_Wooden_Stick|WEP_Short_Sword|WEP_Short_Spear|WEP_Club|WEP_Meat_Cleaver|WEP_Pitchfork,-1,SHD_Round_Shield|0|SHD_Kite_Shield|SHD_Round_Shield|0,-1,0AMR_Leather_Armor|0AMR_Padded_Leather|AMR_Gambeson,-1,0|HEL_Leather_Hat|HEL_Headscarf|HEL_Kilted_Cap|0,-1,0,-1,0,0,0,0,0,0,0,0,0,0,0,0,0,16|17|1|2|6,0,0,0,0,,,,,,,,,,,,,,,,,0,0,,,,,,,,265,25,,,,,,,,,,,
brigand_robber,Robber,0,3,0,0,442,10,11,0,0,0,4,120,15,0,0,0,0,22,0,0,14,25,WEP_Iron_Mace|WEP_Spatha|WEP_Handaxe|WEP_Lumber_Axe|WEP_Military_Pick|WEP_Military_Cleaver|WEP_Bastard_Sword|WEP_Short_Spear|WEP_Handaxe|WEP_Spatha|WEP_Two-handed_War_Cleaver,-1,SHD_Round_Shield|0|SHD_Kite_Shield|SHD_Round_Shield|0,-1,AMR_Mail_Shirt|AMR_Padded_Leather|AMR_Gambeson|AMR_Chain_Mail|AMR_Mail_Shirt,-1,HEL_Headscarf|HEL_Chain_Coif|HEL_Iron_Helm|HEL_Kilted_Cap|HEL_Wing_Hat,-1,0,-1,0,0,0,0,0,0,0,0,0,0,0,0,0,16|17|1|2|6,0,0,0,0,,,,,,,,,,,,,,,,,0,0,,,,,,,,,,,,,,,,,,,,
brigand_poacher,Poacher,13,3,0,0,442,10,11,0,0,0,2,0,6,0,0,0,0,13,0,0,12,12,WEP_Short_Bow,-1,0,-1,AMR_Cloth_Armor|AMR_Linen_Tunic|AMR_Linen_Tunic|AMR_Linen_Tunic,-1,0|HEL_Headscarf|0|HEL_Headscarf|0,-1,0,-1,0,0,0,0,0,0,0,0,0,0,0,0,0,16|17|1|2|6,0,0,0,0,,,,,,,,,,,,,,,,,0,0,,,,,,,,225,,25,,0,,,,,,,,
poteton_shocktroop,Poteton Rhomphaia,12,3,0,0,442,10,11,FAC_poteton,0,0,5,90,35,0,0,0,0,22,5,0,25,24,WEP_Rhomphaia,-1,0,-1,AMR_Leather_Armor|AMR_Ranger_Harness|AMR_Cloth_Armor|AMR_Linen_Tunic,-1,0|HEL_Headscarf|HEL_Headscarf|0|HEL_Bear_Headpiece,-1,0,-1,0,0,0,0,0,1208,0,0,0,6|11|17|19,6|7|8|9|10|11|12|19,18,0,16|17|1|2|6,0,0,0,0,,,,,,,,,,,,,,,,,0,0,,,,,,,,260,30,20,,,,,,,,,,
poteton_priest,Poteton Priest,12,1,106,0,440,10,11,FAC_poteton,0,0,9,350,48,0,48,0,0,29,8,0,8,50,WEP_Polemace,-1,0,-1,AMR_Mail_Hauberk,-1,HEL_Flattop_Helm,-1,0,-1,0,0,0,0,0,1232,0,0,0,2|11|18|19,9,0,0,1|2|10,15,0,0,0,,,,,,,,,,,,,,,,,0,0,,,,,,,,145,30,,,80,,,,,,,,
poteton_mage,Poteton Mage,0,1,107,0,440,10,11,FAC_poteton,0,3,6,60,28,0,43,10,10,0,5,0,13,38,WEP_Fire_Wand|WEP_Wind_Wand|WEP_Dark_Wand,0,0,0,AMR_Cloth_Armor,0,0,0,0,0,0,0,0,0,0,,,,0,11,0,0,0,1|2|10,,,0,,,,,,,,,,,,,,,,,,0,0,,,,,,,,180,45,,,50,,magic1,,,,,,
poteton_high_wizard,Poteton High Wizard,0,1,108,0,440,10,11,FAC_poteton,0,3,14,350,150,0,92,0,120,0,0,0,18,51,WEP_Lightning_Wand,0,0,0,AMR_Dragon_Knight_Armor,0,HEL_Pointed_Hat,0,0,0,0,0,0,0,0,1274,1206,1293,,11|18|12,0,10|11|12,0,1|2|10,15|23,0,0,0,,,,,,,,,,,,,,,,,0,0,,,,,,,,50,60,,,300,,,,,,,,
poteton_banner,Poteton Bannerbearer,11,3,0,0,442,11,12,FAC_poteton,24,0,11,450,35,20,0,0,0,26,8,0,10,53,WEP_Rebel_Banner,-1,0,-1,AMR_Cloaked_Hauberk,-1,HEL_Lamellar_Helm,-1,0,-1,0,0,0,0,0,0,0,0,0,2|11|14|12,5|6,17,0,16|17|1|2|6,15,0,0,0,,,,,,,,,,,,,,,,,0,0,,,,,,,,110,25,0,0,100,,,,,,,,
imperial_vet_goblin_skirmisher,Imperial Veteran Auxilia Skirmisher,14,3,0,1,0,10,11,FAC_imperial,0,0,5,60,28,0,0,0,0,28,13,0,25,30,WEP_Plumbata,-1,SHD_Round_Shield,-1,AMR_Chain_Mail|AMR_Mail_Shirt|AMR_Imp_Gambeson|AMR_Imperial_Hamata,-1,HEL_Headscarf,-1,0,-1,WEP_Short_Spear|WEP_Spatha|WEP_Spatha,0,0,0,0,1213,1254,1255,,7|8|13|14,5|6|12,,,16|17|1|2|6,0,0,703,,,,,,,,,,,,,,,,,2,0,0,,,,,,,,250,20,25,,,,,316,,,,,
imperial_aux_wolfrider,Imperial Auxilia Wolfrider,15,3,0,1,0,10,11,FAC_imperial,0,2,5,75,28,8,0,0,0,32,8,0,15,35,WEP_Short_Spear,-1,SHD_Round_Shield,-1,AMR_Chain_Mail|AMR_Mail_Shirt,-1,HEL_Iron_Helm|HEL_Kilted_Cap,-1,ACC_Goblin_Wolf,-1,0,0,0,0,0,,1254,,,7|8|13|14,5|6|12,,,16|17|1|2|6,0,0,,,,,,,,,,,,,,,,,,2,0,0,,,,,,,,185,72,,,,,,,,,,,
imperial_aux_spearman,Imperial Auxilia Spearman,12,3,0,1,0,10,11,FAC_imperial,0,0,3,50,28,0,0,0,0,26,9,0,25,21,WEP_Sansa_Pike,-1,0,-1,AMR_Mail_Shirt|AMR_Imp_Gambeson,-1,0|HEL_Headscarf,-1,0,-1,0,0,0,0,0,,1254,0,,7|8|13|14,5|6|12,,,16|17|1|2|6,0,0,703,,,,,,,,,,,,,,,,,,0,0,,,,,,,,280,25,20,,,,,316,,,,,
imperial_aux_skirmisher,Imperial Auxilia Skirmisher,14,3,0,1,0,10,11,FAC_imperial,0,0,3,50,28,0,0,0,0,25,9,0,25,20,WEP_Plumbata,-1,SHD_Round_Shield,-1,AMR_Mail_Shirt|AMR_Imp_Gambeson,-1,0|HEL_Headscarf,-1,0,-1,WEP_Short_Spear|WEP_Spatha|WEP_Spatha,0,0,0,0,,1254,1255,,7|8|13|14,5|6|12,,,16|17|1|2|6,0,0,703,,,,,,,,,,,,,,,,,2,0,0,,,,,,,,260,20,25,,,,,316,,,,,
sushi_samurai,Goblin Samurai Boy,13,3,0,1,0,10,11,FAC_sushi,0,1,9,160,25,0,110,0,0,27,12,0,20,32,WEP_Yumi_Bow,-1,0,-1,AMR_Haramaki,-1,HEL_Sabusamme_Hat,-1,0,-1,WEP_Katana,0,0,0,0,0,1254,1214,,7|8|13|14|11,5|6|12|15,0,,16|17|1|2|6,0,0,313,,,,,,,,,,,,,,,,,,0,0,,,,,,,,188,0,30,0,25,,vo\goblin_gomeirei,317,,,,,
sushi_crossbow,Goblin Sakimori Boy,13,3,0,1,0,10,11,FAC_sushi,0,1,6,40,18,0,25,0,0,15,5,0,14,24,WEP_Type_38_Crossbow,-1,0,-1,AMR_Leather_Lamellar,-1,HEL_Zingasa|HEL_Steppe_Helm,-1,0,-1,0,0,0,0,0,,1254,0,,7|8|13|14,5|6|12,,,16|17|1|2|6,0,0,313,,,,,,,,,,,,,,,,,,0,0,,,,,,,,230,0,25,0,10,,,317,,,,,
sushi_bowman,Goblin Wonky Bow Boy,13,3,0,1,0,10,11,FAC_sushi,0,1,3,0,8,0,10,20,0,7,3,0,10,18,WEP_Short_Bow,-1,0,-1,0,-1,0|HEL_Zingasa|HEL_Zingasa|0,-1,0,-1,0,0,0,0,0,,1254,0,,7|8|13|14,5|6|12,,,16|17|1|2|6,0,0,313,,,,,,,,,,,,,,,,,,0,0,,,,,,,,250,0,25,0,0,,,317,,,,,
sushi_fodder,Goblin Fodder Boy,13,3,0,1,0,10,11,FAC_sushi,0,1,3,0,6,0,0,15,0,5,3,0,10,15,WEP_Javelin,-1,0,-1,0,-1,0,-1,0,-1,WEP_Wooden_Stick,0,0,0,0,,1254,0,,7|8|13|14,5|6|12,,,16|17|1|2|6,0,0,313,,,,,,,,,,,,,,,,,,0,0,,,,,,,,280,0,15,0,0,,,317,,,,,
sushi_ashigaru,Goblin Ashigaru Boy,12,3,0,1,0,10,11,FAC_sushi,0,0,3,100,28,0,15,0,0,20,9,0,20,23,WEP_Sansa_Pike,-1,0,-1,AMR_Haramaki,-1,0|HEL_Zingasa|HEL_Zingasa|HEL_Zingasa,-1,0,-1,0,0,0,0,0,,1254,0,,7|8|13|14,5|6|12,,,16|17|1|2|6,0,0,313,,,,,,,,,,,,,,,,,,0,0,,,,,,,,260,20,20,0,0,,,317,,,,,
sushi_zako,Goblin Zako Boy,12,3,0,1,0,10,11,FAC_sushi,0,0,3,50,14,0,0,15,0,10,5,0,10,21,WEP_Bamboo_Spear,-1,0,-1,0,-1,0|HEL_Zingasa|HEL_Zingasa|0,-1,0,-1,0,0,0,0,0,,1254,0,,7|8|13|14,5|6|12,,,16|17|1|2|6,0,0,313,,,,,,,,,,,,,,,,,,0,0,,,,,,,,280,15,0,0,0,,,317,,,,,
sushi_townsman,Goblin Worker Boy,0,3,0,1,0,10,11,FAC_sushi,0,9,1,0,0,0,0,0,0,0,0,0,0,0,0,,,,AMR_Linen_Tunic,,,,,,,,,,,,,,,,,,,,,,278,,,,,,,,,,,,,,,,,,0,0,,,,,,,,270,30,0,0,0,,cursor21,,,,,,
imperial_aux_shocktroop,Imperial Auxilia Shock Trooper,12,4,402,2,0,12,12,FAC_imperial,0,0,7,850,55,15,0,0,0,31,-2,0,25,55,WEP_Masakari_Splitter,-1,0,,AMR_Berserk_Harness,-1,0,-1,0,-1,0,0,0,0,0,,1241,,0,5|2|8|20,7|1|4,0,0,1|2|6|14|15,0,0,703,,,,,,,,,,,,,,,,,,0,0,,,,,,,,175,50,35,,,,,316,,,,,
imperial_vet_aux_heavy,Imperial Veteran Auxilia Heavy Infantry,11,3,401,2,0,12,12,FAC_imperial,0,0,9,660,55,17,0,15,0,26,-2,0,20,35,WEP_Headchoppa|WEP_Kanabo,-1,SHD_Kite_Shield,-1,AMR_Boiled_Leather_Mail|AMR_Scale_Coat|AMR_Heavy_Lamellar|AMR_Scale_Coat|AMR_Heavy_Lamellar,-1,HEL_Plumed_Spangenhelm,1,0,-1,0,0,0,0,0,0,1241,,,5|2,9|10,16,,16|17|1|2|6,0,0,703,,,,,,,,,,,,,,,,,,0,0,,,,,,,,175,50,,,25,,,316,,,,,
imperial_aux_heavy,Imperial Auxilia Heavy Infantry,11,3,401,2,0,12,12,FAC_imperial,0,0,8,630,55,15,0,15,0,25,-3,0,20,32,WEP_Headchoppa|WEP_Kanabo,-1,SHD_Kite_Shield,-1,AMR_Boiled_Leather_Mail|AMR_Scale_Coat|AMR_Heavy_Lamellar|AMR_Scale_Coat|AMR_Heavy_Lamellar,-1,0|HEL_Plumed_Spangenhelm|HEL_Plumed_Spangenhelm|HEL_Plumed_Spangenhelm|HEL_Plumed_Spangenhelm,1,0,-1,0,0,0,0,0,0,1241,,,5|2,9|10,16,,16|17|1|2|6,0,0,703,,,,,,,,,,,,,,,,,,0,0,,,,,,,,175,50,,,25,,,316,,,,,
sushi_shogun,Ork Shogunboss,27,3,401,2,0,12,13,FAC_sushi,22,0,15,1500,110,25,950,60,0,48,0,0,78,72,WEP_Masakari_Splitter,-1,0,,AMR_Shogun_Yoroi,-1,HEL_Dai-Samourai_Kabuto,-1,0,-1,0,0,0,0,0,,1241,1295,1231,5|9|11|17|20,7|1,11|16,0,16|17|1|2|6,22|15|23,0,313,,,,,,,,,,,,,,,,,,0,0,,,,,,,,70,200,,,500,,vo\ork_kisamahatuyokunai,317,,,,,
sushi_kamikaze,Ork Kamikaze Boy,27,3,401,2,0,12,12,FAC_sushi,21,0,9,550,55,11,240,0,0,35,0,0,20,44,WEP_Katana,-1,0,-1,AMR_Gusoku,-1,HEL_Samourai_Kabuto,1,0,-1,0,0,0,0,0,0,1241,,,5|2|19,2|9|10|19,16,,16|17|1|2|6,22|15,0,313,,,,,,,,,,,,,,,,,,0,0,,,,,,,,255,50,,,30,,vo\ork_ikusaja,317,,,,,
sushi_ronin,Ork Ronin,11,4,401,2,0,12,12,FAC_sushi,0,0,5,60,25,1,0,0,0,22,-1,0,15,30,WEP_Headchoppa|WEP_Kanabo,-1,0|SHD_Round_Shield|SHD_Round_Shield,-1,AMR_Leather_Armor,-1,0,1,0,-1,0,0,0,0,0,0,1241,,,5|2,9|10,,,1|2|6|14|15,0,0,313,,,,,,,,,,,,,,,,,,0,0,,,,,,,,235,30,,,15,,,317,,,,,
sushi_wolfrider,Goblin Ookami-nori,15,3,0,1,0,10,11,FAC_sushi,0,2,5,75,28,8,0,30,0,30,8,0,15,30,WEP_Short_Spear,-1,SHD_Round_Shield,-1,0,-1,HEL_Iron_Helm|0|0,-1,ACC_Goblin_Wolf,-1,0,0,0,0,0,,1254,,,7|8|13|14,5|6|12,,,16|17|1|2|6,0,0,313,,,,,,,,,,,,,,,,,2,0,0,,,,,,,,245,55,,,,,,317,,,,,
sushi_boomer,Ork Boomer Ronin,11,4,402,2,0,12,12,FAC_sushi,0,0,7,280,45,5,20,0,0,27,-1,0,15,34,WEP_Headchoppa|WEP_Kanabo,-1,SHD_Round_Shield|SHD_Round_Shield|0,-1,AMR_Leather_Armor,-1,0,1,0,-1,0,0,0,0,0,0,1241,,,5|2,9|10,,,1|2|6|14|15,0,0,313,,,,,,,,,,,,,,,,,,0,0,,,,,,,,225,35,,,15,,,317,,,,,
sushi_khan,Steppe Khan,,,,,,,,,,,,,,,,,,,,,,,,,,,,,,,,,,,,,,,,,,,,,,,,,,,,,,,,,,,,,,,,,,,0,0,,,,,,,,,,,,,,,,,,,,
rurik_bogatyr,Rurikian Bogatyr,27,3,1,0,443,10,12,FAC_rurik,16,2,20,1000,68,7,0,0,0,48,22,1,15,58,WEP_Bardiche,-1,0,-1,AMR_Northern_Heavy_Lamellar,-1,HEL_Rurikian_Elite_Helm,-1,ACC_War_Horse,-1,WEP_Hunting_Bow,-1,,-1,,1208,,1214,1231,1|2|3|9|12|18,1|2|3|4|7|19,6|7|11,0,16|17|1|2|6,12|15|16|23,15,0,0,10,,,,,,,,,,,,,,,,0,0,,,,,,,,40,800,,,600,,,,,,,,
rurik_druzhina,Druzhina Guard Cavalry,27,3,1,0,443,10,12,FAC_rurik,0,2,15,600,58,8,0,0,0,38,12,1,10,47,WEP_Battle_Axe|WEP_Bardiche,-1,SHD_Kite_Shield,-1,AMR_Lamellar_Hauberk|AMR_Boiled_Leather_Mail,-1,HEL_Coifed_Northern_Conical|HEL_Conic_Full_Helm,-1,ACC_War_Horse,-1,0,-1,,-1,,,,,,2|3|18,1|2|3|4|7,6|7|11,0,16|17|1|2|6,12|15|16,0,0,0,5,,,,,,,,,,,,,,,,0,0,,,,,,,,82,120,,,100,,,,,,,,
rurik_variag,Variag,0,3,1,0,443,10,12,FAC_rurik,2,0,13,560,73,8,0,0,0,38,20,1,28,45,WEP_Vikingaxe,-1,SHD_Heavy_Round_Shield,-1,AMR_Northern_Heavy_Lamellar,-1,HEL_Conic_Full_Helm,-1,0,-1,0,-1,0,-1,1201,1208,0,0,0,1|2|3|9|18,1|3|4|7|19,11,0,16|17|1|2|6,12|15|16,0,0,0,5,,,,,,,,,,,,,,,,0,0,,,,,,,,102,140,,,110,,,318,,,,,
rurik_champion,Rurikian Elite Infantry,11,3,1,0,443,10,12,FAC_rurik,0,0,10,400,53,5,0,0,0,25,10,0,18,38,WEP_Throwing_Axe,-1,SHD_Heavy_Round_Shield,2,AMR_Lamellar_Hauberk|AMR_Boiled_Leather_Mail,-1,HEL_Viking_Helm|HEL_Coifed_Conical|HEL_Northern_Conical|HEL_Coifed_Northern_Conical,-1,0,-1,WEP_Battle_Axe,0,0,0,0,0,0,0,0,1|2|3|11|14,3|5|6|7|8|9|10|11|12,0,0,16|17|1|2|6,15,0,0,0,,,,,,,,,,,,,,,,,0,0,,,,,,,,195,50,,,25,,,,,,,,
rurik_woodsman,Rurikian Woodsman,12,3,1,0,443,10,12,FAC_rurik,0,0,3,50,5,0,0,0,0,10,0,0,0,7,WEP_Lumber_Axe,-1,0,,AMR_Linen_Tunic|AMR_Linen_Tunic|AMR_Linen_Tunic,-1,0|HEL_Leather_Hat|HEL_Headscarf,-1,,,,,,,,,,,,0,7,0,0,16|17|1|2|6,0,0,0,0,,,,,,,,,,,,,,,,,0,0,,,,,,,,255,25,15,,,,,,,,,,
rurik_longaxeman,Rurikian Linebreaker,12,3,1,0,443,10,12,FAC_rurik,0,0,6,90,25,0,0,0,0,19,0,0,15,32,WEP_Long_Axe,-1,0,,AMR_Linen_Tunic|AMR_Linen_Tunic|AMR_Cloth_Armor,-1,HEL_Headscarf,-1,,,,,,,,1208,,,,0,7,0,0,16|17|1|2|6,0,0,0,0,,,,,,,,,,,,,,,,,0,0,,,,,,,,240,35,15,,,,,,,,,,
rurik_berzerker,Rurikian Berzerker,12,3,1,0,443,10,12,FAC_rurik,0,0,9,175,40,5,0,0,0,26,5,1,18,38,WEP_Great_Axe,,,,AMR_Leather_Armor|AMR_Mail_Shirt|AMR_Padded_Leather|AMR_Mail_Shirt,,HEL_Bear_Headpiece,,,,,,,,,1208,,,,6|8|9|20|17,1|2|3|4|7|19,,,16|17|1|2|6,16|15,0,,,,,,,,,,,,,,,,,,,0,0,,,,,,,,215,50,25,,,,,,,,,,
rurik_chosen,Rurikian Chosen,12,3,1,0,443,10,12,FAC_rurik,0,0,11,270,50,8,0,0,0,28,6,1,25,40,WEP_Bardiche,,,,AMR_Lamellar_Harness|AMR_Lamellar_Armor|AMR_Cloaked_Hauberk,-1,HEL_Viking_Helm|HEL_Northern_Conical,,ACC_Leather_Gloves|0,,,,,,,1208,,,,2|6|8|9|20|17,1|2|3|4|7|19,,,16|17|1|2|6,16|15,0,,,,,,,,,,,,,,,,,,,0,0,,,,,,,,200,50,35,,,,,,,,,,
rurik_vet_inf,Rurikian Veteran,11,3,1,0,443,10,11,FAC_rurik,0,0,8,290,43,2,0,0,0,22,7,0,8,33,WEP_Throwing_Axe|WEP_Javelin,-1,SHD_Heavy_Round_Shield,-1,AMR_Cloaked_Hauberk|AMR_Lamellar_Armor,-1,HEL_Coifed_Conical|HEL_Northern_Conical,-1,0,-1,WEP_Handaxe|WEP_Spatha,0,0,0,0,0,0,0,0,1|2|11|14,5|6|7|8|9|10|11|12,0,0,16|17|1|2|6,15,0,0,0,,,,,,,,,,,,,,,,,0,0,,,,,,,,215,40,,,20,,,,,,,,
rurik_archer,Rurikian Hunter,13,3,1,0,443,10,11,FAC_rurik,0,1,5,0,10,0,0,0,0,18,0,0,12,20,WEP_Hunting_Bow,-1,0,-1,AMR_Leather_Armor|AMR_Cloth_Armor|AMR_Cloth_Armor,-1,HEL_Leather_Hat|HEL_Kilted_Cap,-1,0,-1,0,0,0,0,0,0,0,0,0,0,0,0,0,16|17|1|2|6,0,0,0,0,,,,,,,,,,,,,,,,,0,0,,,,,,,,225,,30,,15,,,,,,,,
rurik_banner,Rurikian Bannerman,11,3,1,0,443,11,12,FAC_rurik,24,0,11,450,35,20,0,0,0,26,8,0,10,50,WEP_Rurikian_Banner,-1,0,-1,AMR_Lamellar_Harness,-1,HEL_Coifed_Northern_Conical,-1,0,-1,0,0,0,0,0,0,0,0,0,2|11|14|12,5|6,17,0,1|2|14|15,15,0,0,0,,,,,,,,,,,,,,,,,0,0,,,,,,,,110,30,0,0,120,,,,,,,,
rurik_mage,Ice Mage,0,1,141,0,440,11,11,FAC_rurik,0,3,7,70,25,0,50,15,15,0,3,0,19,30,0,0,0,0,AMR_Leather_Lamellar,0,0,0,0,0,0,0,0,0,1274,,,,0,11,,,,1|2|10,,,0,,,,52,8,135000,0,2,14,1274,,,,,,,,0,0,,,,,,,,160,45,,,45,,magic1,,,,,,
rurik_frotri,Frozen Slinger,0,4,142,3,440,11,11,FAC_rurik,0,3,14,500,42,0,88,25,0,25,8,0,35,40,WEP_Oblivion_Torch,0,0,0,AMR_Cloth_Armor,,HEL_Wing_Hat,,,,WEP_Einherjar,,,,,,1254,1214,0,4|6|7|8|19,2|3|5|16,17,,1|2|10,15|23,,,,5,12,0,16,0,0,0,0,0,,,,,,,,0,0,,,,,,,,30,250,,,600,,magic1,,,,,,
rurik_witch,Granddaughter of Baba Yaga,0,1,143,0,,,,FAC_rurik,,,,,,,,,,,,,,,,,,,,,,,,,,,,,,,,,,0,0,0,,,,,,,,,,,,,,,,,,,,,,,0,0,,,,,,,,,,,,,,,,,,,,
imperial_student,Imperial Scholae Student,0,1,144,0,440,10,11,FAC_imperial,0,3,5,35,25,0,52,10,10,0,4,0,13,24,WEP_Fire_Wand|WEP_Wind_Wand|WEP_Dark_Wand|WEP_Lightning_Wand,0,0,0,AMR_Cloth_Armor,0,0,0,0,0,0,0,0,0,,,,,0,0,0,0,,1|2|10,,,0,,,,,,,,,,,,,,,,,,0,0,,,,,,,,160,30,,,45,,magic1,,,,,,
imperial_goeteia,Imperial Goeteia,0,1,145,-1,0,10,11,FAC_imperial,0,3,9,620,113,0,62,33,40,64,8,0,120,58,WEP_Rhomphaia,0,0,0,AMR_Cloth_Armor,0,0,0,0,0,0,0,0,0,,1272,1293,,0,4|6,2|4|19,17,,1|2|10,,,,,,10,,1,,,,,,,,,,,,,0,0,,,,,,,,100,50,,,60,,,,,,,,
imperial_elite_mage,Imperial Scholae Palatine High Wizard,0,1,146,0,441,10,12,FAC_imperial,0,3,18,500,155,0,180,0,180,0,-3,0,15,38,0,0,0,0,AMR_Scholae_Robe,0,HEL_Circlet,0,ACC_Power_Bangle|ACC_Snipers_Eye|ACC_Amulet,0,0,0,0,0,1229,1229,1232,1293,,4|6|7|11|12|18|19,18,11|17,,1|2,15,0,0,0,,,52,,140000,0,2,12,1267,,,,,,,,0,0,,,,,,,,30,350,,,1000,,magic2,,,,,,
imperial_skeleton_worker,Colonus Sceletum,0,3,129,5,0,10,11,FAC_imperial,0,9,1,0,0,,0,0,0,0,0,0,0,0,,,,,AMR_Imperial_Tunic,,,,,,,,,,,,,,,,,,,1|2|6|16|17,13|9|6,,279,,,,,,,,,,,,,,,,,,0,0,,,,,,,,246,0,25,0,5,,cursor21,,,,,,
imperial_townsman,Colonus Peasant,0,9,70|1071|6072|6072,0,441,10,11,FAC_imperial,0,9,1,0,0,,0,0,0,0,0,0,0,0,,,,,,,,,,,,,,,,,,,,,,,,10,,,278,,,,,,,,,,,,,,,,,,0,0,,,,,,,,246,30,0,0,0,,cursor21,,,,,,
rurik_maid,Kikimora,0,1,149,3,0,10,11,FAC_rurik,25,4,1,0,0,0,0,0,0,0,0,0,13,12,,,,,,,,,,,,,,,1232,,,,1240,,,,,2|3|10,0,0,,,,,,16,134000,100000,,,1899,,,,,,,,0,0,,,,,,,,185,,,,65,,,,,,,,
sushi_destroyer,Steppe Destroyer,15,3,0,0,441,11,12,FAC_sushi,0,2,9,314,25,2,0,0,0,32,8,0,22,34,WEP_Heat_Jundao,,SHD_Round_Shield,-1,AMR_Plated_Leather_Lamellar,,HEL_Steppe_Helm,,ACC_Steppe_Horse,,,,,,,,,,,2|10|11|13|9,5|6,6|7,,1|2|6|16|17,15,,,,,,,,,,,,,,,,,,,,0,0,,,,,,,,165,60,,,55,,,,,,,,
sushi_lancer,Steppe Lancer,16,3,0,0,441,11,12,FAC_sushi,0,2,7,300,25,2,0,0,0,30,6,0,24,30,WEP_Steppe_Lance,,SHD_Round_Shield,-1,AMR_Leather_Lamellar,,HEL_Steppe_Helm,,ACC_Steppe_Horse,,,,,,,,,,,0,6,6|7,,1|2|6|16|17,0,,,,,,,,,,,,,,,,,,,,0,0,,,,,,,,180,70,30,,,,,,,,,,
sushi_horse_archer,Steppe Horse Archer,17,3,0,0,441,11,12,FAC_sushi,0,2,7,200,20,0,0,0,0,28,3,0,22,26,WEP_Compound_Bow,,0,-1,AMR_Leather_Lamellar,,HEL_Steppe_Helm,,ACC_Steppe_Horse,,,,,,,,,,,0,15,6|7|8|9,,1|2|6|16|17,0,,,,,,,,,,,,,,,,,,,,0,0,,,,,,,,165,,40,,60,,,,,,,,
sushi_heavy_lancer,Steppe Heavy Lancer,16,3,0,0,441,11,12,FAC_sushi,0,2,8,400,25,2,0,0,0,35,10,0,24,37,WEP_Steppe_Lance,,SHD_Round_Shield,-1,AMR_Steppe_Heavy_Armor,,HEL_Coifed_Steppe_Helm,,ACC_Steppe_Horse,,,,,,,,,,,7|10|2|11,6,6|7,,1|2|6|16|17,15,,,,,,,,,,,,,,,,,,,,0,0,,,,,,,,175,70,30,,,,,,,,,,
sushi_heavy_horse_archer,Steppe Heavy Horse Archer,17,3,0,0,441,11,12,FAC_sushi,0,2,8,315,20,0,0,0,0,34,6,0,25,33,WEP_Compound_Bow,,0,-1,AMR_Plated_Leather_Lamellar,,HEL_Coifed_Steppe_Helm,,ACC_Steppe_Horse,,,,,,,,,,,11,15,6|7|8|9,,1|2|6|16|17,15,,,,,,,,,,,,,,,,,,,,0,0,,,,,,,,165,,40,,60,,,,,,,,
sushi_onimiko,Oni Miko,0,1,155,0,440,11,11,FAC_sushi,0,3,8,150,20,0,28,25,0,28,4,0,18,27,WEP_Onikiri,,,,AMR_Cloth_Armor,,0,0,0,0,0,0,0,0,,1206,,,,4|6|7|11|18|19,5,17,,1|2|10,,,,,,,,,,,,,,,,,,,,,0,0,,,,,,,,150,50,,,45,,,,,,,,
sushi_flame,Flame-san,0,1,156,0,440,11,11,FAC_sushi,0,3,9,70,42,0,52,15,15,0,3,0,5,30,0,0,0,0,AMR_Cloth_Armor,0,HEL_Circlet,0,0,0,0,0,0,0,1206,1206,1232,,0,11,0,0,,1|2|10,,,313,,,,52,0,135000,0,2,14,1206,,,,,,,,0,0,,,,,,,,135,45,,,90,,magic1,,,,,,
sushi_fox,Yaohu,0,1,157,0,440,11,11,FAC_sushi,0,3,15,1380,180,0,150,50,80,0,5,0,10,35,0,,,,AMR_Cloth_Armor,0,HEL_Circlet,,,,,,,,1292,1293,1271,1284,,11|12,0,,,1|2|10|11,23,,,,,,52,1,135000,0,2,14,1206,,,,,,,,0,0,,,,,,,,48,200,,,750,,magic2,,,,,,
poteton_king,Poteton Barbarian King,0,3,158,0,0,12,12,FAC_poteton,0,0,15,1300,100,15,0,30,0,38,5,1,65,70,WEP_Zweihander,-1,0,,AMR_Berserk_Harness,-1,HEL_Potetonic_War_Helm,-1,ACC_Power_Bangle,-1,0,0,0,0,0,1208,1241,,1231,2|5|7|9|11|12|14|17|20|4,7|1|2|3|4|5|19|18,1|3|11|16|17|20,0,1|2|6|16|17,15,0,,,,,,,,,,,,,,,,,,,0,0,,,,,,,,,,,,,,,,,,,,
poteton_linux,Little Sister of the Hero,0,4,159,0,440,11,11,FAC_poteton,0,0,12,400,150,5,50,0,40,49,70,0,10,60,WEP_Noble_Sword,,,,AMR_Cloth_Armor,0,HEL_Braves_Headscarf,,,,,,,,,,1254,,,4|6|7|8|11|12|14|19|20,2|4|5,,,1|2|14|15|10,23,,,,,,,,,,,,,,,,,,,,0,0,,,,,,,,50,450,,,0,,,,,,,,
160,marketdummy1f neverdeletethis,0,,,,,,,,,,,,,,,,,,,,,,,,,,,,,,,,,,,,,,,,,,,,,,,,,,,,,,,,,,,,,,,,,,0,0,,,,,,,,,,,,150,,,,,,,,
161,marketdummy1w neverdeletethis,0,,,,,,,,,,,,,,,,,,,,,,,,,,,,,,,,,,,,,,,,,,,,,,,,,,,,,,,,,,,,,,,,,,0,0,,,,,,,,,,,,150,,,,,,,,
162,marketdummy1s neverdeletethis,0,,,,,,,,,,,,,,,,,,,,,,,,,,,,,,,,,,,,,,,,,,,,,,,,,,,,,,,,,,,,,,,,,,0,0,,,,,,,,,,,,200,,,,,,,,
163,marketdummy2f neverdeletethis,0,,,,,,,,,,,,,,,,,,,,,,,,,,,,,,,,,,,,,,,,,,,,,,,,,,,,,,,,,,,,,,,,,,0,0,,,,,,,,,100,,,,,,,,,,,
164,marketdummy2w neverdeletethis,0,,,,,,,,,,,,,,,,,,,,,,,,,,,,,,,,,,,,,,,,,,,,,,,,,,,,,,,,,,,,,,,,,,0,0,,,,,,,,,,100,,,,,,,,,,
165,marketdummy2s neverdeletethis,0,,,,,,,,,,,,,,,,,,,,,,,,,,,,,,,,,,,,,,,,,,,,,,,,,,,,,,,,,,,,,,,,,,0,0,,,,,,,,,,,100,,,,,,,,,
166,marketdummyre neverdeletethis,0,,,,,,,,,,,,,,,,,,,,,,,,,,,,,,,,,,,,,,,,,,,,,,,,,,,,,,,,,,,,,,,,,,0,0,,,,,,,,,0,0,0,0,,,,,,,,
sushi_vet_ashigaru,Goblin Vet Ashigaru Boy,12,3,0,1,0,10,11,FAC_sushi,0,0,8,125,36,0,18,0,0,25,13,0,22,25,WEP_Sansa_Pike,-1,0,-1,AMR_Haramaki,-1,HEL_Zingasa|HEL_Zingasa|HEL_Samourai_Kabuto,-1,0,-1,0,0,0,0,0,1213,1254,0,,7|8|13|14,5|6|12,,,16|17|1|2|6,0,0,313,,,,,,,,,,,,,,,,,,0,0,,,,,,,,245,20,25,0,0,,,317,,,,,
sushi_kensei,Swordmaster,0,4,168,0,440,11,11,FAC_sushi,0,0,12,180,56,2,30,10,0,65,60,0,20,35,WEP_Katana,,,,AMR_Cloth_Armor,,HEL_Zingasa,0,0,0,0,0,0,0,,,1254,,,4|6|11|19,1|2|3|4|5|10|19,1,,1|2|14|15|10,,14,,,,,,,,,,,,,,,,,,,0,0,,,,,,,,142,55,,,125,,,,,,,,
sushi_khan_guard,Steppe Khans Guard,16,3,0,0,441,11,12,FAC_sushi,0,2,11,400,28,10,0,0,0,38,12,0,36,38,WEP_Steppe_Lance,,SHD_Round_Shield,-1,AMR_Steppe_Heavy_Armor,,HEL_Nomad_Fullhelm,,ACC_War_Horse,,,,,,,,,,,2|3|7|11|10,6|15,6|7|8|9,,1|2|6|16|17,15,,,,,,,,,,,,,,,,,,,,0,0,,,,,,,,170,,50,,75,,,,,,,,
rurik_inf,Rurikian Infantry,11,3,501,0,443,10,11,FAC_rurik,0,0,6,260,35,8,0,0,0,20,3,0,8,25,WEP_Javelin,-1,SHD_Round_Shield,-1,AMR_Chain_Mail|AMR_Hard_Leather|AMR_Mail_Hauberk,-1,HEL_Conical_Helm|HEL_Northern_Conical,-1,0,-1,WEP_Short_Sword,0,0,0,0,0,0,0,0,1|2,5,0,0,16|17|1|2|6,0,0,0,0,,,,,,,,,,,,,,,,,0,0,,,,,,,,245,32,,,20,,,,,,,,
rurik_vet_archer,Rurikian Marksman,13,3,0,0,443,10,11,FAC_rurik,0,1,7,160,25,0,0,0,0,25,8,0,18,38,WEP_Hunting_Bow,-1,0,-1,AMR_Chain_Mail|AMR_Mail_Hauberk|AMR_Light_Scale,-1,HEL_Leather_Hat|HEL_Iron_Helm|HEL_Conical_Helm,-1,0,-1,WEP_Handaxe,0,0,0,1205,0,0,0,0,4|6|7|8|14,15,0,0,16|17|1|2|6,0,0,0,0,,,,,,,,,,,,,,,,,0,0,,,,,,,,185,,30,,40,,,,,,,,
dra_hero_orthunass_enemy,Orthunass Nasun Solanum,0,1,71,3,0,10,12,FAC_dra,23,3,28,2000,4000,0,150,-50,100,0,5,0,-10,100,0,0,0,0,AMR_Dragon_Scale_Shirt,0,HEL_Pointed_Hat,0,0,0,0,0,0,0,1229,1284,1232,1293,1231,12,,,,2|10,15|23,0,410,0,,,100,,140000,0,2,14,1267,,,,,,,,0,0,,,,,,,,30,500,,,1000,,se_maoudamashii_instruments_guitar05,,,,,,
sushi_hero_fox,Shuichen,0,1,173,0,440,11,11,FAC_sushi,0,3,25,1500,200,0,150,80,80,0,10,0,10,75,0,,,,AMR_Cloth_Armor,0,HEL_Circlet,,,,,,,,1292,1271,1284,1284,1231,4|11|12,18,,,1|2|10,23,,,,,,52,1,135000,0,2,14,1206,,,,,,,,0,0,,,,,,,,38,200,,,650,,,,,,,,
nord_einherjar_spartan,Einherjar,0,1,174,0,0,10,11,FAC_nord,26,0,11,2250,100,8,0,0,0,45,13,0,20,300,WEP_Imp_Hasta,-1,SHD_Heavy_Round_Shield,-1,,,HEL_Dragon_Helm,0,,,,,,,,,,,,1|6|7|8|14|20,2|6,,,0,15,,,,,,,,,,,,,,,,,,,,0,0,,,,,,,,,,,,,,,,,,,,
dra_elite_naskarl,Empyrean Guard,0,1,175,3,0,10,12,FAC_dra,6,2,20,1500,70,0,76,80,45,28,2,0,15,30,WEP_Vibro_Spatha,-1,SHD_Cracked_Imperial_Scutum,-1,AMR_Dragon_Underclothes,,HEL_Dra_Crest,,ACC_Damaged_Nullmagic_Cloak,,,,,,0,1237,,1208,0,1|2|3|6,1|2|3|5,1,0,1|2|3|10|14|15,15,13,410,,0,,,1,,,,,,,,,,,,,0,0,,,,,,,,105,125,,,140,,chari16,,,,,,
dra_handgonne,Dragonne,13,1,176,3,0,11,12,FAC_dra,1,1,10,0,20,-15,0,-28,0,20,0,0,18,24,WEP_Handgonne,-1,0,,AMR_Dragon_Underclothes,0,HEL_Lamellar_Helm,,,,,,,,,1237,,,,9,,,,1|2|10|14|15,0,0,410,0,5,0,,1,,,,,,,,,,,,,0,0,,,,,,,,165,45,0,,50,,,,,,,,
imperial_slime,Imperial Slime,11,1,177,-1,0,10,11,FAC_imperial,0,0,3,300,100,50,0,0,0,55,8,0,68,44,0,,,,,,,,,,,,,,0,,,,,4|8,,,,1|2|10|11|4,13|6,0,,,3,10,64,0,20000,0,3,10,0,,,0,0,,,,0,0,,,,,,,,250,20,,,5,,,316,,,,,
imperial_pseud_comitatenses,Imperial Pseud Comitatenses,31,3,57,0,441,10,11,FAC_imperial,12,0,7,300,34,3,0,0,0,16,4,0,5,30,WEP_Plumbata,-1,SHD_Imp_Hvy_Oval_Shield,-1,AMR_Imperial_Hamata|AMR_Brass_Scale|AMR_Imperial_Hamata,-1,HEL_Imp_Ridge_Helm|HEL_Plumed_Spangenhelm|HEL_Imp_Spangenhelm,0,0,-1,WEP_Kontarion,0,0,0,0,0,0,0,1268,1|2|5|14|11,6|12,0,0,16|17|1|2|6,15,0,,,,,,,,,,,,,,,,,,,0,0,,,,,,,,235,40,,,30,,,,,,,,
imperial_probebot,Imperial Probe Minion,0,1,179,-1,0,10,12,FAC_legion,8,2,3,200,90,0,20,0,100,55,8,0,202,50,,,,,,,,,,,,,,,0,,,,,4|8,,,,1|2|10|11|4,13|9|6,0,,,3,10,52,1,135000,80000,2,14,1207,,,,,,,,0,0,,,,,,,,248,45,,,0,,vo/dragon_gyaogyao2,,,,,,
rurik_raven,Rurikian Raven,0,1,48,-1,0,8,7,FAC_rurik,0,3,4,150,70,14,25,5,12,30,12,0,160,20,0,0,0,0,0,0,0,0,0,0,0,0,0,0,1293,0,0,0,0,0,0,0,0,1|2|10,0,0,,,,10,100,1,115000,40000,2,,1274,,,,,,,,0,0,,,,,,,,190,40,,,,,,,,,,,
poteton_elite_pike,Poteton Elite Pikeman,12,3,181,0,442,10,12,FAC_poteton,0,0,9,160,25,16,0,0,0,29,5,0,13,38,WEP_Potetonic_Pike,-1,,,AMR_Cloaked_Hauberk,,HEL_Ornamented_Lamellar,,,,,,,,,,,,,2|3|11|13,6,,,16|17|1|2|6,15,,,,,,,,,,,,,,,,,,,,0,0,,,,,,,,250,30,20,,,,,,,,,,
rurik_raider,Rurikian Raider,15,3,501,0,443,12,13,FAC_rurik,0,2,7,270,15,3,0,0,0,27,4,0,15,33,WEP_Javelin,-1,SHD_Round_Shield,-1,AMR_Chain_Mail,-1,HEL_Nasal_Helm|HEL_Conical_Helm,-1,ACC_Sumpter_Horse,-1,WEP_Short_Sword,-1,0,-1,0,0,0,0,0,2|7|13,12,6|7,0,16|17|1|2|6,0,0,0,0,,,,,,,,,,,,,,,,,0,0,,,,,,,,180,75,,,,,,,,,,,
rurik_vet_raider,Rurikian Veteran Raider,15,3,501,0,443,12,13,FAC_rurik,0,2,9,350,22,4,0,0,0,30,5,0,16,35,WEP_Javelin,-1,SHD_Heavy_Round_Shield,-1,AMR_Mail_Hauberk|AMR_Cloaked_Hauberk|AMR_Light_Scale,-1,HEL_Viking_Helm|HEL_Northern_Conical|HEL_Northern_Conical,-1,ACC_Courser,-1,WEP_Battle_Axe,-1,0,-1,0,0,0,0,0,1|2|7|11|13,7|12,6|7,0,16|17|1|2|6,0,0,0,0,,,,,,,,,,,,,,,,,0,0,,,,,,,,175,75,,,,,,,,,,,
poteton_raubritter,Poteton Raubritter,15,3,0,0,442,11,12,FAC_poteton,0,2,11,400,42,13,0,0,0,35,7,0,10,28,WEP_Battle_Axe|WEP_Morning_Star|WEP_Winged_Mace,-1,SHD_Heater_Shield,-1,AMR_Cloaked_Hauberk,-1,HEL_Full_Helm|HEL_Conical_Full_Helm|HEL_Coifed_Kettle,0,ACC_Courser|ACC_Imperial_Hunter|ACC_Courser|ACC_Imperial_Hunter|ACC_War_Horse,-1,0,0,0,0,0,0,0,0,0,2|3|11|13,5|6|7|8|9,6|7,0,16|17|1|2|6,0,0,0,0,,,,,,,,,,,,,,,,,0,0,,,,,,,,180,80,0,0,0,,,,,,,,
,,,,,,,,,,,,,,,,,,,,,,,,,,,,,,,,,,,,,,,,,,,,,,,,,,,,,,,,,,,,,,,,,,,,0,0,,,,,,,,,,,,,,,,,,,,
rurik_spearman,Rurikian Spearman,11,3,501,0,443,10,11,FAC_rurik,0,0,6,200,35,0,0,0,0,20,4,0,6,25,WEP_Short_Spear,-1,SHD_Round_Shield,-1,AMR_Chain_Mail|AMR_Hard_Leather|AMR_Mail_Hauberk,-1,HEL_Conical_Helm|HEL_Northern_Conical,-1,0,-1,0,0,0,0,0,0,0,0,0,1|2,6,0,0,16|17|1|2|6,0,0,0,0,,,,64,,,,,,,,,,,,,0,0,,,,,,,,240,35,25,,,,,,,,,,
rurik_heavy_spearman,Rurikian Hvy Spearman,11,3,52,0,443,10,11,FAC_rurik,0,0,8,360,42,0,0,0,0,28,8,0,8,34,WEP_Fighting_Spear,-1,SHD_Heavy_Round_Shield,2,AMR_Cloaked_Hauberk|AMR_Lamellar_Armor,-1,HEL_Coifed_Northern_Conical,-1,0,-1,0,0,0,0,0,0,0,0,0,1|2|3|11|14,5|6|7|8|9|10|11|12,0,0,16|17|1|2|6,15,0,0,0,,,,64,,,,,,,,,,,,,0,0,,,,,,,,240,35,25,,,,,,,,,,
nord_huskarl,Nord Huskarl,11,3,1,0,443,10,12,FAC_nord,2,0,13,640,48,2,0,0,0,36,14,0,18,45,WEP_Vikingaxe|WEP_Vikingaxe|WEP_Vikingaxe|WEP_Great_Axe,-1,SHD_Heavy_Round_Shield,-1,AMR_Cloaked_Hauberk|AMR_Lamellar_Harness|AMR_Boiled_Leather_Mail,-1,HEL_Nordic_Warlord_Helm|HEL_Viking_Helm,-1,0,-1,0,-1,0,-1,1201,1208,0,0,0,1|2|3|9|18,1|3|7,0,0,16|17|1|2|6,9|12|15|16,0,315,0,5,12,,64,,,,,,,,,,,,,0,0,,,,,,,,75,0,,,0,,,,,,,,
,,,,,,,,,,,,,,,,,,,,,,,,,,,,,,,,,,,,,,,,,,,,,,,,,,,,,,,,,,,,,,,,,,,,0,0,,,,,,,,,,,,,,,,,,,,
,,,,,,,,,,,,,,,,,,,,,,,,,,,,,,,,,,,,,,,,,,,,,,,,,,,,,,,,,,,,,,,,,,,,0,0,,,,,,,,,,,,,,,,,,,,
,,,,,,,,,,,,,,,,,,,,,,,,,,,,,,,,,,,,,,,,,,,,,,,,,,,,,,,,,,,,,,,,,,,,0,0,,,,,,,,,,,,,,,,,,,,
,,,,,,,,,,,,,,,,,,,,,,,,,,,,,,,,,,,,,,,,,,,,,,,,,,,,,,,,,,,,,,,,,,,,0,0,,,,,,,,,,,,,,,,,,,,
,,,,,,,,,,,,,,,,,,,,,,,,,,,,,,,,,,,,,,,,,,,,,,,,,,,,,,,,,,,,,,,,,,,,0,0,,,,,,,,,,,,,,,,,,,,
,,,,,,,,,,,,,,,,,,,,,,,,,,,,,,,,,,,,,,,,,,,,,,,,,,,,,,,,,,,,,,,,,,,,0,0,,,,,,,,,,,,,,,,,,,,
,,,,,,,,,,,,,,,,,,,,,,,,,,,,,,,,,,,,,,,,,,,,,,,,,,,,,,,,,,,,,,,,,,,,0,0,,,,,,,,,,,,,,,,,,,,
,,,,,,,,,,,,,,,,,,,,,,,,,,,,,,,,,,,,,,,,,,,,,,,,,,,,,,,,,,,,,,,,,,,,0,0,,,,,,,,,,,,,,,,,,,,
,,,,,,,,,,,,,,,,,,,,,,,,,,,,,,,,,,,,,,,,,,,,,,,,,,,,,,,,,,,,,,,,,,,,0,0,,,,,,,,,,,,,,,,,,,,
poteton_hero_brian,Poteton Juggernaut,0,3,405,0,0,12,12,FAC_poteton,0,0,15,1600,140,45,0,150,0,44,2,1,65,70,WEP_Masakari_Splitter,-1,0,,AMR_Potetonic_Plate,-1,HEL_Potetonic_War_Helm,-1,0,-1,0,0,0,0,0,,1241,,1231,5|9|11|12|17|20|3,7|1|4,11|16|17,0,16|17|1|2|6,15,0,,,,,,,,,,,,,,,,,,,0,0,,,,,,,,,,,,,,,,,,,,
poteton_hero_nei,Theodros Neimer,31,3,67,5,0,11,12,FAC_imperial,10,0,25,1850,70,35,0,85,0,50,10,0,16,70,WEP_Pilum,-1,SHD_Imp_Hvy_Oval_Shield,-1,AMR_Scale_Coat,-1,HEL_Legio_Ridge,-1,ACC_Nullmagic_Cloak,-1,WEP_Vibro_Spatha,0,0,0,0,0,0,0,1231,1|2|3|5|7|9|11|12|13|14|15|18|20,1|2|3|4|5|6|12,1|3,0,16|17|1|2|6,15|6|17|23,0,0,0,,,,,,,,,,,,,,,,,0,0,,,,,,,,,,,,,,,,,,,,
nord_einherjar_panzer,PzKpfw.IV Ausf.G,0,1,200,-1,0,58,34,FAC_nord,26,5,25,5000,300,200,0,750,500,79,-5,0,60,999,,,,,,,,,,,,,,,,,,,,,,,,,,,,,,,,,,,,,,,,,,,,,0,0,,,,,,,,,,,,,,,,,,,,
furious_the_ninja_boy,Furious the Ninja Boy,0,1,201,0,0,11,11,FAC_sushi,0,0,25,1000,80,175,0,25,120,100,10,5,180,80,WEP_Twilight_Edge,,SHD_Twilight_Armguard,,AMR_Ninja_Gusoku,,HEL_Ninja_Zukin,0,0,0,0,0,0,0,0,1203,1204,,,1|4|6|7|8|9|12|13|14|16|18|19|20,1|2|3|4|5|11|12|18|19|20,1|2|17|18,,1|2|10,23,1|13|14,,,,15,500,,,,,,,,,,,,,,0,0,,,,,,,,150,50,,,45,,,,,,,,
sushi_handgonne,Goblin Fire Lancer,13,3,18,1,0,10,11,FAC_sushi,0,1,9,40,15,0,40,0,0,17,5,0,10,23,WEP_Handgonne,-1,0,-1,AMR_Leather_Lamellar,-1,HEL_Steppe_Helm,-1,0,-1,0,0,0,0,0,,1254,0,,7|8|9|13|14,5|6|12,,,16|17|1|2|6,15|22,0,313,,,,,,,,,,,,,,,,,,0,0,,,,,,,,180,45,0,,50,,,317,,,,,
bombard_cannon,Bombard Cannon,26,1,203,-1,0,20,16,0,0,5,15,500,100,460,0,50,32,50,-8,0,55,30,0,0,0,0,0,0,0,0,0,0,0,0,0,0,0,0,0,0,,9,0,17,0,1,4|9|13|15|20,0,0,0,,,15,0,360000,120000,3,,1298,0,40,50,75,,,,0,0,,,,,,,,60,,225,,225,,mangonelselect,,,,,,
dra_bombargon,Bombargon,26,1,204,3,0,20,16,0,0,1,15,300,0,427,0,0,32,0,-8,0,-45,20,0,0,0,0,0,0,0,0,0,0,0,0,0,0,0,0,0,0,,9,0,17,0,1|2|10,15|20,0,0,0,,,-3,0,360000,120000,6,45,1298,0,40,50,75,,,,0,0,,,,,,,,60,,225,,225,,mangonelselect,,,,,,
warwolf,Warwolf,26,1,205,-1,0,40,32,0,0,5,15,500,100,460,0,50,32,50,-8,0,55,30,0,0,0,0,0,0,0,0,0,0,0,0,0,0,0,0,0,0,,9,0,17,0,1,4|9|13|15|20,0,0,0,,,15,0,360000,120000,3,,1298,0,40,50,75,,,,0,0,,,,,,,,60,,225,,225,,mangonelselect,,,,,,
,,,,,,,,,,,,,,,,,,,,,,,,,,,,,,,,,,,,,,,,,,,,,,,,,,,,,,,,,,,,,,,,,,,,0,0,,,,,,,,,,,,,,,,,,,,
,,,,,,,,,,,,,,,,,,,,,,,,,,,,,,,,,,,,,,,,,,,,,,,,,,,,,,,,,,,,,,,,,,,,0,0,,,,,,,,,,,,,,,,,,,,
imperial_camel,Imperial Aux. Dromedarii,15,3,0,0,441,10,11,FAC_imperial,0,0,5,100,24,5,0,8,0,22,5,0,5,28,WEP_Spatha|WEP_Handaxe,-1,SHD_Imperial_Oval_Shield,-1,AMR_Imp_Gambeson|AMR_Imp_Gambeson|AMR_Light_Scale|AMR_Imperial_Hamata,-1,HEL_Plumed_Spangenhelm|HEL_turban_full|HEL_turban,-1,ACC_camel_normal,-1,0,0,0,0,0,0,0,0,0,2|13,5|6,6|7,0,16|17|1|2|6,15,0,0,0,,,,,,,,,,,,,,,,,0,0,,,,,,,,148,41,0,0,45,,,,,,,,
imperial_camel_elite,Imperial Heavy Dromedarii,,,,,,,,,,,,,,,,,,,,,,,,,,,,,,,,,,,,,,,,,,,,,,,,,,,,,,,,,,,,,,,,,,,0,0,,,,,,,,,,,,,,,,,,,,
baklava_townsman,Townsman,0,9,spr_south_01|spr_south_02,0,0,10,11,FAC_baklava,0,9,1,0,0,,0,0,0,0,0,0,0,0,,,,,,,,,,,,,,,,,,,,,,,,10,,,278,,,,,,,,,,,,,,,,,,0,0,,,,,,,,250,30,0,0,0,,cursor21,,,,,,
baklava_inf_shield_t1,Baklava Rubble,11,3,0,0,441,10,11,FAC_baklava,0,0,6,200,35,0,0,0,0,20,4,0,6,25,WEP_Short_Spear|WEP_Short_Spear|WEP_Wooden_Stick,-1,SHD_spara,-1,AMR_southern_naked_body,-1,HEL_turban,-1,0,-1,0,0,0,0,0,0,0,0,0,1|2,6,0,0,16|17|1|2|6,0,0,0,0,,,,64,,,,,,,,,,,,,0,0,,,,,,,,250,35,25,,,,,,,,,,
baklava_inf_shield_t2,Baklava Infantry,11,3,0,0,441,10,11,FAC_baklava,0,0,6,200,35,0,0,0,0,20,4,0,6,25,WEP_Javelin,-1,SHD_boetian_shield|SHD_boetian_shield|SHD_spara,-1,AMR_Chain_Mail|AMR_southern_leather_scale|AMR_southern_leather_harness,-1,HEL_turban_full|HEL_turban|HEL_southern_turban_helm_1,-1,0,-1,WEP_Short_Spear,0,0,0,0,0,0,0,0,1|2,6,0,0,16|17|1|2|6,0,0,0,0,,,,64,,,,,,,,,,,,,0,0,,,,,,,,250,35,25,,,,,,,,,,
baklava_inf_shield_t3,Baklava Veteran Infantry,11,3,0,0,441,10,11,FAC_baklava,0,0,6,200,35,0,0,0,0,20,4,0,6,25,WEP_Javelin,-1,SHD_dahl_shield,-1,AMR_Mail_Hauberk|AMR_southern_leather_harness|AMR_southern_leather_harness,-1,HEL_southern_turban_helm_2|HEL_southern_masked_helm|HEL_southern_turban_helm_1,-1,0,-1,WEP_south_shamsir|WEP_south_pata|WEP_Fighting_Spear,0,0,0,0,0,0,0,0,1|2,6,0,0,16|17|1|2|6,0,0,0,0,,,,64,,,,,,,,,,,,,0,0,,,,,,,,250,35,25,,,,,,,,,,
baklava_inf_shield_t4,,,,,,,,,FAC_baklava,,,,,,,,,,,,,,,,,,,,,,,,,,,,,,,,,,,,,,,,,,,,,,,,,,,,,,,,,,,0,0,,,,,,,,,,,,,,,,,,,,
baklava_inf_twohand_t1,Baklava Thrall,12,3,1,0,441,10,12,FAC_baklava,0,0,3,50,5,0,0,0,0,10,0,0,0,7,WEP_Lumber_Axe|WEP_Pitchfork|WEP_south_twohanded_musala,-1,0,,AMR_southern_naked_body,-1,0|0|HEL_turban,-1,,,,,,,,,,,,0,7,0,0,16|17|1|2|6,0,0,0,0,,,,,,,,,,,,,,,,,0,0,,,,,,,,240,25,15,,,,,,,,,,
baklava_inf_twohand_t2,Baklava Axeman,12,3,1,0,441,10,12,FAC_baklava,0,0,3,50,5,0,0,0,0,10,0,0,0,7,WEP_south_twohanded_axe|WEP_south_twohanded_gada,-1,0,,AMR_southern_leather_scale|AMR_southern_leather_harness,-1,HEL_turban_full|HEL_southern_turban_helm_1,-1,,,,,,,,,,,,0,7,0,0,16|17|1|2|6,0,0,0,0,,,,,,,,,,,,,,,,,0,0,,,,,,,,240,25,15,,,,,,,,,,
baklava_inf_twohand_t3,Baklava Urumi Swordman,12,3,1,0,441,10,12,FAC_baklava,0,0,3,50,5,0,0,0,0,10,0,0,0,7,WEP_south_urumi_sword,-1,0,-1,AMR_southern_naked_body,-1,HEL_sikh_turban,-1,,,,,,,,,,,,0,7,0,0,16|17|1|2|6,0,0,0,0,,,,,,,,,,,,,,,,,0,0,,,,,,,,240,25,15,,,,,,,,,,
baklava_inf_twohand_t4,Baklava Bladedancer,12,3,1,0,441,10,12,FAC_baklava,0,0,3,50,5,0,0,0,0,10,0,0,0,7,WEP_south_shotel|WEP_south_jamadhar,-1,SHD_maduvu,-1,AMR_southern_leather_harness,-1,HEL_southern_assassin_turban_closed|southern_assassin_turban_open,-1,,,,,,,,,,,,0,7,0,0,16|17|1|2|6,0,0,0,0,,,,,,,,,,,,,,,,,0,0,,,,,,,,240,25,15,,,,,,,,,,
baklava_archer_t1,Baklava Nomad,13,3,0,0,441,10,11,FAC_baklava,0,0,2,0,6,0,0,0,0,13,0,0,12,12,WEP_Short_Bow,-1,0,-1,AMR_southern_naked_body|AMR_Linen_Tunic,-1,0|HEL_turban|0|HEL_turban|0,-1,0,-1,0,0,0,0,0,0,0,0,0,0,0,0,0,16|17|1|2|6,0,0,0,0,,,,,,,,,,,,,,,,,0,0,,,,,,,,210,,25,,0,,,,,,,,
baklava_archer_t2,Baklava Archer,13,3,0,0,441,10,11,FAC_baklava,0,0,2,0,6,0,0,0,0,13,0,0,12,12,WEP_Short_Bow,-1,0,-1,AMR_Cloth_Armor,-1,HEL_turban_full|HEL_sikh_turban|HEL_turban,-1,0,-1,0,0,0,0,0,0,0,0,0,0,0,0,0,16|17|1|2|6,0,0,0,0,,,,,,,,,,,,,,,,,0,0,,,,,,,,210,,25,,0,,,,,,,,
baklava_archer_t3,Baklava Vet. Archer,13,3,0,0,441,10,11,FAC_baklava,0,0,2,0,6,0,0,0,0,13,0,0,12,12,WEP_Short_Bow,-1,0,-1,AMR_southern_leather_harness|AMR_southern_leather_scale,-1,HEL_sikh_turban|0,-1,0,-1,0,0,0,0,0,0,0,0,0,0,0,0,0,16|17|1|2|6,0,0,0,0,,,,,,,,,,,,,,,,,0,0,,,,,,,,210,,25,,0,,,,,,,,
baklava_archer_t4,Baklava Desert Eagle,13,3,0,0,441,10,11,FAC_baklava,0,0,2,0,6,0,0,0,0,13,0,0,12,12,WEP_southern_ebony_bow,-1,0,-1,AMR_southern_assassin_armor,-1,HEL_southern_turban_helm_1|HEL_southern_turban_helm_2,-1,0,-1,0,0,0,0,0,0,0,0,0,0,0,0,0,16|17|1|2|6,0,0,0,0,,,,,,,,,,,,,,,,,0,0,,,,,,,,210,,25,,0,,,,,,,,
baklava_exbarrack_t1,Baklava Thrower,13,3,0,0,441,10,11,FAC_baklava,0,0,2,0,6,0,0,0,0,13,0,0,12,12,WEP_Short_Bow,-1,0,-1,AMR_Cloth_Armor|AMR_Linen_Tunic|AMR_Linen_Tunic|AMR_Linen_Tunic,-1,0|HEL_Headscarf|0|HEL_Headscarf|0,-1,0,-1,0,0,0,0,0,0,0,0,0,0,0,0,0,16|17|1|2|6,0,0,0,0,,,,,,,,,,,,,,,,,0,0,,,,,,,,210,,25,,0,,,,,,,,
baklava_exbarrack_t2,Baklava Elite Thrower,13,3,0,0,441,10,11,FAC_baklava,0,0,2,0,6,0,0,0,0,13,0,0,12,12,WEP_Short_Bow,-1,0,-1,AMR_Cloth_Armor|AMR_Linen_Tunic|AMR_Linen_Tunic|AMR_Linen_Tunic,-1,0|HEL_Headscarf|0|HEL_Headscarf|0,-1,0,-1,0,0,0,0,0,0,0,0,0,0,0,0,0,16|17|1|2|6,0,0,0,0,,,,,,,,,,,,,,,,,0,0,,,,,,,,210,,25,,0,,,,,,,,
baklava_cav_t1,Baklava Nomad,15,3,0,0,441,11,12,FAC_baklava,0,2,9,314,25,2,0,0,0,32,8,0,22,34,WEP_Heat_Jundao,,SHD_Round_Shield,-1,AMR_Plated_Leather_Lamellar,,HEL_Steppe_Helm,,ACC_Steppe_Horse,,,,,,,,,,,2|10|11|13|9,5|6,6|7,,1|2|6|16|17,15,,,,,,,,,,,,,,,,,,,,0,0,,,,,,,,170,60,,,55,,,,,,,,
baklava_cav_t2,Baklava Genitour,15,3,0,0,441,11,12,FAC_baklava,0,2,9,314,25,2,0,0,0,32,8,0,22,34,WEP_Javelin,,SHD_adarga,-1,AMR_southern_leather_scale,,HEL_turban_full|HEL_southern_turban_helm_1,-1,ACC_desert_horse,-1,WEP_Short_Spear,,,,,,,,,2|10|11|13|9,5|6,6|7,,1|2|6|16|17,15,,,,,,,,,,,,,,,,,,,,0,0,,,,,,,,150,60,,,55,,,,,,,,
baklava_cav_t3,Baklava Ghulam Cavalry,15,3,0,0,441,11,12,FAC_baklava,0,2,9,314,25,2,0,0,0,32,8,0,22,34,WEP_Javelin,-1,SHD_lunarshape_shield,-1,AMR_Plated_Leather_Lamellar,,HEL_southern_coifed_helm|HEL_southern_masked_helm,-1,ACC_desert_horse,-1,WEP_south_cav_sabre|WEP_south_cav_sword,,,,,,,,,2|10|11|13|9,5|6,6|7,,1|2|6|16|17,15,,,,,,,,,,,,,,,,,,,,0,0,,,,,,,,150,60,,,55,,,,,,,,
baklava_camel_t1,Baklava Camel Rider,15,3,0,0,441,11,12,FAC_baklava,0,2,9,314,25,2,0,0,0,32,8,0,22,34,WEP_south_shamsir|WEP_south_cav_sabre|WEP_south_cav_axe,-1,SHD_adarga,-1,AMR_southern_leather_harness,-1,HEL_southern_turban_helm_1|HEL_southern_turban_helm_2,-1,ACC_camel_normal,,,,,,,,,,,2|10|11|13|9,5|6,6|7,,1|2|6|16|17,15,,,,,,,,,,,,,,,,,,,,0,0,,,,,,,,150,60,,,55,,,,,,,,
baklava_camel_t2,Baklava Heavy Camel,15,3,0,0,441,11,12,FAC_baklava,0,2,9,314,25,2,0,0,0,32,8,0,22,34,WEP_south_cav_sabre|WEP_south_cav_axe|WEP_south_cav_sword,-1,SHD_lunarshape_shield,-1,AMR_southern_cuirass,-1,HEL_southern_coifed_helm,-1,ACC_camel_armored,,,,,,,,,,,2|10|11|13|9,5|6,6|7,,1|2|6|16|17,15,,,,,,,,,,,,,,,,,,,,0,0,,,,,,,,150,60,,,55,,,,,,,,
baklava_camel_t3,Baklava Guard Camel,15,3,0,0,441,11,12,FAC_baklava,0,2,9,314,25,2,0,0,0,32,8,0,22,34,WEP_south_cav_lance|WEP_south_cav_trident,-1,SHD_dahl_shield,-1,AMR_southern_sindh_hauberk,-1,HEL_southern_sindh_fullhelm,-1,ACC_camel_guard,,,,,,,,,,,2|10|11|13|9,5|6,6|7,,1|2|6|16|17,15,,,,,,,,,,,,,,,,,,,,0,0,,,,,,,,150,60,,,55,,,,,,,,
baklava_bannerman,Baklava Bannerbearer,13,3,0,0,441,10,11,FAC_baklava,0,0,2,0,6,0,0,0,0,13,0,0,12,12,WEP_Short_Bow,-1,0,-1,AMR_Cloth_Armor|AMR_Linen_Tunic|AMR_Linen_Tunic|AMR_Linen_Tunic,-1,0|HEL_southern_golden_mask|0,-1,0,-1,0,0,0,0,0,0,0,0,0,0,0,0,0,16|17|1|2|6,0,0,0,0,,,,,,,,,,,,,,,,,0,0,,,,,,,,210,,25,,0,,,,,,,,
baklava_alchemist,Baklava Alchemist,0,1,spr_south_minions_1,-1,0,10,11,0,0,5,8,2300,100,42,0,180,400,50,-45,0,53,20,0,0,SHD_Armor_Plate,0,0,0,0,0,0,0,0,0,0,0,0,0,0,0,0,3|5|7,0,17,0,1|2|3|10,15|4,5|9,0,,,,70,0,45000,,2,0,,,,50,0,,,,0,0,,,,,,,,,,,,,,,,,,,,
baklava_jinn,Baklava Jinn,0,1,spr_south_minions_3,-1,0,10,11,0,0,5,8,2300,100,42,0,180,400,50,-45,0,53,20,0,0,SHD_Armor_Plate,0,0,0,0,0,0,0,0,0,0,0,0,0,0,0,0,3|5|7,0,17,0,1|2|3|10,15|4,5|9,0,,,,70,0,45000,,2,0,,,,50,0,,,,0,0,,,,,,,,,,,,,,,,,,,,
baklava_assassin_hero,The Old Man of the Mountain,0,1,spr_south_minions_2,-1,0,20,16,0,0,5,8,2300,100,42,0,180,400,50,-45,0,53,20,0,0,SHD_Armor_Plate,0,0,0,0,0,0,0,0,0,0,0,0,0,0,0,0,3|5|7,0,17,0,1|2|3|10,15|4,5|9,0,,,,70,0,45000,,2,0,,,,50,0,,,,0,0,,,,,,,,,,,,,,,,,,,,
baklava_elephant,Battle Elephant,0,1,spr_south_minions_4,-1,0,48,36,0,0,5,8,2300,100,42,0,180,400,50,-45,0,53,20,0,0,SHD_Armor_Plate,0,0,0,0,0,0,0,0,0,0,0,0,0,0,0,0,3|5|7,0,17,0,1|2|3|10,15|4,5|9,0,,,,70,0,45000,,2,0,,,,50,0,,,,0,-22,,,,,,,,,,,,,,,,,,,,
baklava_hassassin ,Baklava Hassassin,12,3,1,0,441,10,12,FAC_baklava,0,0,3,50,5,0,0,0,0,10,0,0,0,7,WEP_south_qatal_dagger,-1,SHD_qatal_dagger_lefthand,-1,AMR_southern_assassin_armor,-1,HEL_southern_assassin_mask,-1,,,,,,,,,,,,0,7,0,0,16|17|1|2|6,0,0,0,0,,,,,,,,,,,,,,,,,0,0,,,,,,,,240,25,15,,,,,,,,,,
baklava_the_hero,The Hero,12,3,1,0,441,10,12,FAC_baklava,0,0,3,50,5,0,0,0,0,10,0,0,0,7,WEP_south_vajra_blade,-1,0,-1,AMR_southern_cataphract_armor,-1,HEL_southern_golden_mask,-1,,,,,,,,,,,,0,7,0,0,16|17|1|2|6,0,0,0,0,,,,,,,,,,,,,,,,,0,0,,,,,,,,240,25,15,,,,,,,,,,
